BGC0000400_AGM16413-1_1312_mod2_lys	SW-AFDVFSGDRDVVVGADVNSYGVTETTIDSCY	UH-HHNHHUGNENHHHGHNHUUHGHUNUUHNUCH
BGC0000463_AGM14934-1_2646_mod3_gln	LW-HFDASVWEWQFVCGGGHNVYGPTEATVDCSV	HH-EHNHUHHNHUHHCGGGEUHHGPUNHUHNCUH
Q6YK41_A1_asn	YW-FFDLTVTSTKLIVGGEFNEYGPTEAVVGCMI	HH-HHNHUHUUUEHHHGGNHUNHGPUNHHHGCHH
AEU11006-1_2653_mod1_gln	HW-TFDASVWEAQLFCGGEHNLYGPTEACIDATF	EH-UHNHUHHNHUHHCGGNEUHHGPUNHCHNHUH
AEC14347-1_567_mod1_phe	LS-AFDASIYEGVLFVGGSYNAYGPTEYSVWTTI	HU-HHNHUHHNGHHHHGGUHUHHGPUNHUHHUUH
XP_754329-2_1103_mod2_ala	V--QFDCCIKESMAIVAGEINGYGPAECTLISTA	H--UHNCCHENUHHHHHGNHUGHGPHNCUHHUUH
Q8G983_A1-6-_ser	RW-TFDVSVWECHFICSGEHNLYGPTEAAIDVTY	EH-UHNHUHHNCEHHCUGNEUHHGPUNHHHNHUH
Q6WZ98_A1_blys	AS-TWDTSGEEPDLVIGGELNTYGQTETVMVTHA	HU-UHNUUGNNPNHHHGGNHUUHGUUNUHHHUEH
AHZ34232-1_1547_mod2_leu	LW-AFDAMVWEPFLLIGGDINNYGPTETTVVATS	HH-HHNHHHHNPHHHHGGNHUUHGPUNUUHHHUU
BGC0000376_BAP16689-1_223_mod1_6cl-4hydroxyindole-3-carboxylic	LW-P--VQIMEPMLMVT--VMTYGTTESTNALTC	HH-P--HUHHNPHHHHU--HHUHGUUNUUUHHUC
Q9RLP6v1_A3_ala	LA-HFDVSVWEGCQIVAGEVNAYGPTEATIYAAM	HH-EHNHUHHNGCUHHHGNHUHHGPUNHUHHHHH
Q09164_A6_abu	L--SWDAATWETFFHTAGDFNVLGHTENTAYSTF	H--UHNHHUHNUHHEUHGNHUHHGEUNUUHHUUH
BGC0001132_xnc1_2022_2204_mod3_val	L--TFDASTFDAWLIVGGDLNGYGPSEGTTFTTT	H--UHNHUUHNHHHHHGGNHUGHGPUNGUUHUUU
AHH53507-1_5197_mod5_gly	FD-TFDIAALELQALVGGETNVYGPTETTIWSTA	HN-UHNHHHHNHUHHHGGNUUHHGPUNUUHHUUH
Q9S1A9_A1-6-_ser	RW-TFDVSVWEWHFFCSGEHNLYGPTEAAIDVTY	EH-UHNHUHHNHEHHCUGNEUHHGPUNHHHNHUH
Q83VS0_A5-15-_athr|thr	LA-HFDFSVWEGNQIFGGEINMYGITETTVHVTY	HH-EHNHUHHNGUUHHGGNHUHHGHUNUUHEHUH
Q84BQ4_A1-7-_leu	LW-SFDAMAWEPFLLIGGDINNYGPTEATVVATS	HH-UHNHHHHNPHHHHGGNHUUHGPUNHUHHHUU
Q84BQ5_A2-4-_leu	LW-AFDAMAWEPFLLIGGDINNYGPTEATVVATS	HH-HHNHHHHNPHHHHGGNHUUHGPUNHUHHHUU
Q04747_A1-4-_val	L--QFDAGTFEGWLIIGGDWNGYGPTENTTFSTS	H--UHNHGUHNGHHHHGGNHUGHGPUNUUUHUUU
Q70LM7_A2_gly	V--AFDISVAEGNFLACGEVNIYGPTEATIYASR	H--HHNHUHHNGUHHHCGNHUHHGPUNHUHHHUE
BGC0000425_AFH75320-1_474_mod1_dhabu	LA-HFDFSVWEGNQIFGGEVNMYGITETTVHVTY	HH-EHNHUHHNGUUHHGGNHUHHGHUNUUHEHUH
Q9RLP6v1_A2_thr	L--TFDYSVWEGSQVFGGEINMYGITETTVHASF	H--UHNHUHHNGUUHHGGNHUHHGHUNUUHEHUH
Q83VS0_A7-17-_ala	FW-TFDLAVYEANTNVAGECNLYGPSETTTYSSW	HH-UHNHHHHNHUUUHHGNCUHHGPUNUUUHUUH
AHH53508-1_483_mod1_glu	Y--HFDLTVGAVKATLGGEFNVYGPTETTVNCAE	H--EHNHUHGHHEHUHGGNHUHHGPUNUUHUCHN
EWS95122_2421_mod2_ala	FW-AFDVSVFEASGVLAGERNLYGPTESTVYAGW	HH-HHNHUHHNHUGHHHGNEUHHGPUNUUHHHGH
XP_002568558-1_227_mod1_trp	T--AFDSSILEMELLV-GELNAYGPAECSVVATV	U--HHNUUHHNHNHHH-GNHUHHGPHNCUHHHUH
Q70LM5_A1-7-_val	L--QFDAATFEGWLLVGGDINGYGPTENTTFTCC	H--UHNHHUHNGHHHHGGNHUGHGPUNUUUHUCC
AHZ34233-1_2589_mod3_val	LG-AFDASTMEGFLMSGGEVNGYGPTETTTFATT	HG-HHNHUUHNGHHHUGGNHUGHGPUNUUUHHUU
AHZ20774-1_1541_mod2_gln	HW-QFDASVWETQLVFGGEANLYGPAETTIDVAV	EH-UHNHUHHNUUHHHGGNHUHHGPHNUUHNHHH
BGC0000439_AHH53507-1_1547_mod2_asp	Y--AFDLTVTATKVVLGGEVNAYGPTELTVNCTD	H--HHNHUHUHUEHHHGGNHUHHGPUNHUHUCUN
AEU11003-1_4205_mod4_pro	LW-AFDVSFQESFVITAGELNHYGPSESHVVTTF	HH-HHNHUHUNUHHHUHGNHUEHGPUNUEHHUUH
BGC0000463_AGM14933-1_4773_mod5_gln	RW-TFDVSVWEWHFLCSGEHNLYGPTEAAVDVSA	EH-UHNHUHHNHEHHCUGNEUHHGPUNHHHNHUH
O87606_A1_glu	FG-MFDASVWQWHFFAGGEVHGYGPTEATVDAAF	HG-HHNHUHHUHEHHHGGNHEGHGPUNHUHNHHH
CCA29203-1_3604_mod3_gly	A--TFDIFGLELQMLVGGEVNVYGPTETTIWSTS	H--UHNHHGHNHUHHHGGNHUHHGPUNUUHHUUU
Q93I55_A2_asn	YW-FFDLTVTSTKLIVGGECNEYGPTETVVGCMI	HH-HHNHUHUUUEHHHGGNCUNHGPUNUHHGCHH
Q70K00_A2_thr	LN-HFDFSVWEGNQIFGGEINMYGITETTVHVTY	HU-EHNHUHHNGUUHHGGNHUHHGHUNUUHEHUH
AEA30272-1_2611_mod3_asp|bme-asp	YW-AFDLTVTATKAMLGGEYNGYGPTETTVNCTQ	HH-HHNHUHUHUEHHHGGNHUGHGPUNUUHUCUU
BGC0000376_BAP16699-1_1300_mod1_ser	LG-AFDMSVWEGNQTLGGEVNLYGITETTVHSTW	HG-HHNHUHHNGUUUHGGNHUHHGHUNUUHEUUH
BGC0000292_XP_001212648-1_529_mod1_phe	F--PFDGSIHESIFYLVGEANMYGPTEATCGASI	H--PHNGUHENUHHHHHGNHUHHGPUNHUCGHUH
AEU11003-1_1620_mod2_phe	LA-AFDASIWEMTLIVAGEFNAYGPTEASVCATV	HH-HHNHUHHNHUHHHHGNHUHHGPUNHUHCHUH
Q9Z4X6_A4_asp	Y--TFDLTITATKAILGGEINAYGPTESTVNITD	H--UHNHUHUHUEHHHGGNHUHHGPUNUUHUHUN
AHZ20784-1_1992_mod2_gln|tyr	F-VQFDASVEQPSLVFGGELNTYGPTEATVVSSI	H-HUHNHUHNUPUHHHGGNHUUHGPUNHUHHUUH
Q8G985/24744795_ALod_phe-ac	MGAM-GAIFLGAWAVNAGEKPAFGMTESCSGITW	HGHH-GHHHHGHHHHUHGNEPHHGHUNUCUGHUH
BGC0000335_AID65224-1_469_mod1_asn	YW-FFDLTLTSCKMIAGGEYNEYGPTETTVGCMI	HH-HHNHUHUUCEHHHGGNHUNHGPUNUUHGCHH
Q93N89_A1-1-_hpg|hpg2cl	L--AFDISLFEVHVLTGGDRHLYGPTESTLCATW	H--HHNHUHHNHEHHUGGNEEHHGPUNUUHCHUH
Q939Z1_A1_leu	L--HFDASLFEMYLLTGGDRNMYGPTEATMCATW	H--EHNHUHHNHHHHUGGNEUHHGPUNHUHCHUH
NP_216899-1_570_mod1_thr	T-TA-DMSVLDANFAVGGDAGLGGATETAVHATI	U-UH-NHUHHNHUHHHGGNHGHGGHUNUHHEHUH
simA_mod1_d-ala	Q--SFDAAITEMLFILGGEVNAWGPTETCVISAL	U--UHNHHHUNHHHHHGGNHUHHGPUNUCHHUHH
BGC0001045_AFR69334-1_3500_mod3_ile|val	L--TFDFSVLEYCQLLGGDANVYGITETTVITTF	H--UHNHUHHNHCUHHGGNHUHHGHUNUUHHUUH
BGC0000369_AHZ20773-1_478_mod1_thr	LN-HFDFSVWEGNQILGGEINMYGITETTVHVTY	HU-EHNHUHHNGUUHHGGNHUHHGHUNUUHEHUH
AHZ34233-1_483_mod1_leu	LW-AFDAMAWEPFLLIGGDINNYGPTEATVVATS	HH-HHNHHHHNPHHHHGGNHUUHGPUNHUHHHUU
Q84BQ6v2_A2_asp	MW-QFDSSVWEWKFNGGGEHNVYGPTETTVDSTG	HH-UHNUUHHNHEHUGGGNEUHHGPUNUUHNUUG
BGC0001114_AGN11881-1_528_mod1_thr	L-RAFS--VWEGNQVFGGEINMYGITETTVHVTY	H-EHHU--HHNGUUHHGGNHUHHGHUNUUHEHUH
Q9C1G0v1_A1_aad	SS-SFEPFVRQMNGLV-GEKSEYGFTESAFVTAL	UU-UHNPHHEUHUGHH-GNEUNHGHUNUHHHUHH
AEA30273-1_3652_mod4_d-trp	FS-QFDVSVGDMMLVSGGEINAYGPTETTVAATS	HU-UHNHUHGNHHHHUGGNHUHHGPUNUUHHHUU
Q65NK5_A3_leu	LW-AFDASVWEPFLLTGGDVNNYGPTENTVVATS	HH-HHNHUHHNPHHHUGGNHUUHGPUNUUHHHUU
Q84BQ6v2_A1_leu	LW-SFDAMAWEPFLLIGGDINNYGPTEATVVATS	HH-UHNHHHHNPHHHHGGNHUUHGPUNHUHHHUU
Q9K5M1_A3-5-_thr	LA-HFDFSVWEGNQIFGGEVNMYGITETTVHVTY	HH-EHNHUHHNGUUHHGGNHUHHGHUNUUHEHUH
AFZ61525-1_3733_mod4_ser	RW-TFDVSVWEWHFMCSGEYNLYGPTEAAVDVTA	EH-UHNHUHHNHEHHCUGNHUHHGPUNHHHNHUH
P71717_A1_ser|thr	T-TA-DMSVLDANFAVGGDAGLGGATETAVHATI	U-UH-NHUHHNHUHHHGGNHGHGGHUNUHHEHUH
Q8NJX1_A7_abu|iva	L--AFDCAVGESWSV--GEINGWGPAETCVVSTI	H--HHNCHHGNUHUH--GNHUGHGPHNUCHHUUH
Q8CJX2_A2-11-_trp	L-IHFDGGFWEMAIVVAAEMNSYGPTETTVCATS	H-HEHNGGHHNHHHHHHHNHUUHGPUNUUHCHUU
O05647_A2_phe	VI-AFDAALWELTLVVAGETNAYGPTEAAVCTTS	HH-HHNHHHHNHUHHHHGNUUHHGPUNHHHCUUU
BGC0000463_AGM14933-1_3718_mod4_leu	LW-HFDASVWEWQFCGGGEHNVYGPTETTVDCSV	HH-EHNHUHHNHUHCGGGNEUHHGPUNUUHNCUH
EFE73312-1_441_mod1_asp	Y-RLFDAGVTAGKAMVGGEVNHYGPTEVTVGCTD	H-EHHNHGHUHGEHHHGGNHUEHGPUNHUHGCUN
Q70AZ6_A1_dpg	L--MFDPSLYEVHLATGGDRNTYGPTETTLCATW	H--HHNPUHHNHEHHUGGNEUUHGPUNUUHCHUH
Q93N89_A2-2-_trp	L--VFDVSMADPVMLVGGDHNEYGVTEATVVSTT	H--HHNHUHHNPHHHHGGNEUNHGHUNHUHHUUU
BGC0000439_AHH53507-1_5197_mod5_gly	FD-TFDIAALELQALVGGETNVYGPTETTIWSTA	HN-UHNHHHHNHUHHHGGNUUHHGPUNUUHHUUH
P0C063_A3_orn	VW-AFDVSAGDREAIVGSDVNSYGVTEAALILAI	HH-HHNHUHGNENHHHGUNHUUHGHUNHHHHHHH
BGC0000449_AHF21228-1_9291_mod7_dab	TY-QFDVFVGDRESITSSDINSYGVTEAAIDSSF	UH-UHNHHHGNENUHUUUNHUUHGHUNHHHNUUH
Q9RK14_A2_athr	LN-HFDFAVWEGNQIFGGEVNMYGITETTVHVTH	HU-EHNHHHHNGUUHHGGNHUHHGHUNUUHEHUE
Q6WZB2_A1-2-_ser	YG-TFDVSVYELHMFVSGEPNLYGATEVSVDSTW	HG-UHNHUHHNHEHHHUGNPUHHGHUNHUHNUUH
O52820_A1-4-_hpg|hpg2cl	L--MFDISLFEVHLLTGGDRHLYGPTEATLCATW	H--HHNHUHHNHEHHUGGNEEHHGPUNHUHCHUH
Q5DIS9_A1-5-_gln	HW-QFDASVWELQMCCGGEVNLYGPTEATICCFS	EH-UHNHUHHNHUHCCGGNHUHHGPUNHUHCCHU
Q45295_A1_gln	LA-AFDASVQQTDGLVGGETNVYGPTETCVDASS	HH-HHNHUHUUUNGHHGGNUUHHGPUNUCHNHUU
Q9RLP6_A1_phe	L-VWFDASVWENTQTLAGEINAYGPTETTICVTS	H-HHHNHUHHNUUUUHHGNHUHHGPUNUUHCHUU
AEU11003-1_555_mod1_pro	LW-AFDVSFQESFLITAGEHNHYGPSESHVVTTL	HH-HHNHUHUNUHHHUHGNEUEHGPUNUEHHUUH
Q93N89_A1_hpg|hpg2cl	L--AFDISLFEVHVLTGGDRHLYGPTESTLCATW	H--HHNHUHHNHEHHUGGNEEHHGPUNUUHCHUH
O52819_A2_bht|tyr	L--AFDTIVSEMKAVAAGEINAYGPTETTICATV	H--HHNUHHUNHEHHHHGNHUHHGPUNUUHCHUH
BGC0000369_AHZ20773-1_2017_mod2_tyr	L--AFDAAVSEMTLIVAGEFNAYGPTEATVCASL	H--HHNHHHUNHUHHHHGNHUHHGPUNHUHCHUH
BGC0000369_AHZ20784-1_509_mod1_nme-thr	LA-CFS--VWEGNQIFGGEVNMYGITETTVHVTY	HH-CHU--HHNGUUHHGGNHUHHGHUNUUHEHUH
Q93N87_A1-4-_hpg|hpg2cl	L--AFDISLFEVHVLTGGDRHLYGPTEVSLCATW	H--HHNHUHHNHEHHUGGNEEHHGPUNHUHCHUH
BGC0000369_AHZ20774-1_477_mod1_thr	LS-HFDFSVWEGNQIFGGEVNMYGITETTVHVTY	HU-EHNHUHHNGUUHHGGNHUHHGHUNUUHEHUH
BGC0001019_AHB82072-1_552_mod1_gly	FA-AFDIAGLELQAFCGGEWNLYGPTETTIWSTV	HH-HHNHHGHNHUHHCGGNHUHHGPUNUUHHUUH
BGC0000414_BAO84861-1_508_mod1_ala	LW-AFDLSVFEANTNLAGEHNLYGPTEDTTYSTH	HH-HHNHUHHNHUUUHHGNEUHHGPUNNUUHUUE
BGC0001125_AIW82283-1_1622_mod2_asn|gln	YW-AFDATITCTKLVIGGEINEYGPTETVVGCSI	HH-HHNHUHUCUEHHHGGNHUNHGPUNUHHGCUH
O87314_A2_thr	L--AFS--VWEGNQIFGGEVNMYGITETCVHVSH	H--HHU--HHNGUUHHGGNHUHHGHUNUCHEHUE
Q51338_A1_thr	LA-HFDFSVWEGNQIFGGEVNMYGITETTVHVTY	HH-EHNHUHHNGUUHHGGNHUHHGHUNUUHEHUH
BGC0000400_AGM16412-1_5576_mod5_ser	RW-QFDVSVWEWHFFASGEINLYGPTEATVDVTY	EH-UHNHUHHNHEHHHUGNHUHHGPUNHUHNHUH
BGC0000414_BAO84868-1_386_mod1_me-tyr	A--LFDGSMSGWHSSVGGELNDYGPTETTVWASA	H--HHNGUHUGHEUUHGGNHUNHGPUNUUHHHUH
removed_A2-3-_val	L--HFDASTYEVFLWTGGEVDVYGPTETTTFATH	H--EHNHUUHNHHHHUGGNHNHHGPUNUUUHHUE
Q847C7_A1-6-_thr	LA-FFDFSVWEGNQIFGGEVNMYGITETTVHVTY	HH-HHNHUHHNGUUHHGGNHUHHGHUNUUHEHUH
AGM16412-1_4054_mod4_orn	IW-AFDVFSGDRESIVGSDLNSYGVTEACVDACY	HH-HHNHHUGNENUHHGUNHUUHGHUNHCHNHCH
BGC0000431_EFE73312-1_441_mod1_thr	Y-RLFDAGVTAGKAMVGGEVNHYGPTEVTVGCTD	H-EHHNHGHUHGEHHHGGNHUEHGPUNHUHGCUN
O68007_A1-6-_lys	YA-QFDAFSEEPSCISGGDYNSYGPTEATVCATY	HH-UHNHHUNNPUCHUGGNHUUHGPUNHUHCHUH
O87704_A1-3-_tyr	TW-HFDGCVTSTLITFAGEANEYGPTENSVATTL	UH-EHNGCHUUUHHUHHGNHUNHGPUNUUHHUUH
Q9S1A9_A2-7-_ala	L--TFDLSVFELNTNFAGEYNLYGPSEDTTYSTF	H--UHNHUHHNHUUUHHGNHUHHGPUNNUUHUUH
Q83VS0_A10-20-_dab	YD-QFDLSVEEPHLLINGDINTYGPTEATVSCAA	HN-UHNHUHNNPEHHHUGNHUUHGPUNHUHUCHH
BGC0000400_AGM16412-1_456_mod1_orn	MW-AFDVFSGDRESIIGSDLNSYGVTEACVDASY	HH-HHNHHUGNENUHHGUNHUUHGHUNHCHNHUH
BGC0001036_AGZ15476-1_490_mod1_3oh-leu	L--HFDTFALEVWLWTGGDVTGHGPTETTGFAAG	H--EHNUHHHNHHHHUGGNHUGEGPUNUUGHHHG
BGC0001019_AHB82071-1_2004_mod2_trp	LW-VFDVATSDMQIIVGGEFNAYGPTETTVCATI	HH-HHNHHUUNHUHHHGGNHUHHGPUNUUHCHUH
P27743_A2_cys	LS-SFDHFVEQDSGRIDGEINGYGPTEISITSHK	HU-UHNEHHNUNUGEHNGNHUGHGPUNHUHUUEE
AEU11003-1_2671_mod3_aile	L--AFDAATFEGFLLFGGELHVYGPTENTTFSSW	H--HHNHHUHNGHHHHGGNHEHHGPUNUUUHUUH
YP_702283-1_471_mod1_thr	L-VYFS--VWEGNQVFGGEVNMYGITETTVHVTA	H-HHHU--HHNGUUHHGGNHUHHGHUNUUHEHUH
O33743_A6-10-_leu	CW-QFDGFVASAYGTLGGENNEYGPTENSVVTIS	CH-UHNGHHHUHHGUHGGNUUNHGPUNUUHHUHU
BGC0000418_AHF20582-1_26_mod1_hpg	L--AFDASLCEVHLLTGGDRHLYGPTETTLCATW	H--HHNHUHCNHEHHUGGNEEHHGPUNUUHCHUH
Q8NJX1_A9_abu|iva	Q--AFDLSIGEGYLLLAGEINGWGPAETCCFSTL	U--HHNHUHGNGHHHHHGNHUGHGPHNUCCHUUH
AEC14346-1_1080_mod2_leu	LW-NFDASVWEPFFLTGGDDNNYGPTEGTVVSTY	HH-UHNHUHHNPHHHUGGNNUUHGPUNGUHHUUH
Q5DIP3_A2_horn	I--MFDGSHEGHVFYCGGDFNGYGPTETVVTPLL	H--HHNGUENGEHHHCGGNHUGHGPUNUHHUPHH
BGC0001133_XBJ1_0774_3102_mod3_ser	RW-QFDVSVWEAHFFCSGEINLYGPTEAAIEVTY	EH-UHNHUHHNHEHHCUGNHUHHGPUNHHHNHUH
Q9C1G0v1_A3_val	S--SFDFSLEQLSGTAAGEKNAYGITETSVYNIV	U--UHNHUHNUHUGUHHGNEUHHGHUNUUHHUHH
P40871_A1_dhb|sal	S--SYPLSSPGGALQVGGAGQVFGMAEGLVNYTR	U--UHPHUUPGGHHUHGGHGUHHGHHNGHHUHUE
Q83VS0_A3-13-_ala	FW-TFDLAVYEANTNVAGECNLYGPSETTTYSSW	HH-UHNHHHHNHUUUHHGNCUHHGPUNUUUHUUH
Q83VS0/81321400_A9-19-_ala	FW-TFDLAVYEANTNVAGECNLYGPSETTTYSSW	HH-UHNHHHHNHUUUHHGNCUHHGPUNUUUHUUH
O85168_A7_dhab|dht|thr	LA-TFDFSVWEGNQVFGGEVNMYGITEITVHATY	HH-UHNHUHHNGUUHHGGNHUHHGHUNHUHEHUH
Q93N86_A1-7-_hpg|hpg2cl	L--HFDASLFEVHLLTGGDRHLYGPTETTLCATW	H--EHNHUHHNHEHHUGGNEEHHGPUNUUHCHUH
Q70LM4_A4-16-_gly	F--TFDLSVYEANTNLCGEFNLYGPTEDTVYSTH	H--UHNHUHHNHUUUHCGNHUHHGPUNNUHHUUE
BGC0000416_CBJ90289-1_562_mod1_val	L--AFDAAILEMVLLLAGEFNVYGPTECTSIITC	H--HHNHHHHNHHHHHHGNHUHHGPUNCUUHHUC
BGC0000419_AIG79242-1_473_mod1_dpg	LWHAFDPALYEVNFQTGGDLHTYGPTETTFCASW	HHEHHNPHHHNHUHUUGGNHEUHGPUNUUHCHUH
BGC0000439_AHH53507-1_4147_mod4_asp	Y--VFDLTLTVTKVVTGGEINAYGPTELTVNCTE	H--HHNHUHUHUEHHUGGNHUHHGPUNHUHUCUN
BGC0000431_EFE73313-1_484_mod1_ser	RW-TFDVSVWEWHFVCSGEENLYGPTEASVDVTA	EH-UHNHUHHNHEHHCUGNNUHHGPUNHUHNHUH
BGC0000335_AID65225-1_1648_mod1_tyr	T--AFDASMSETTLVTAGEINAYGPAECSVCVSM	U--HHNHUHUNUUHHUHGNHUHHGPHNCUHCHUH
Q09164_A2_leu	L--AFDASIWETLFYVGGDYNAYGPTENTVMSTL	H--HHNHUHHNUHHHHGGNHUHHGPUNUUHHUUH
BGC0000314_WP_010369425-1_467_mod1_thr	LE-HFDFSVWEGNQIFGGDVNMYGITETTVHVTY	HN-EHNHUHHNGUUHHGGNHUHHGHUNUUHEHUH
Q9L8H4_A1-4-_pro	LW-TFDVSAQESFATVAGEHNHYGPTETHVVTAH	HH-UHNHUHUNUHHUHHGNEUEHGPUNUEHHUHE
Q9RLP6v2_A2_thr	L--TFDYSVWEGSQVFGGEINMYGITETTVHASF	H--UHNHUHHNGUUHHGGNHUHHGHUNUUHEHUH
BGC0001133_XBJ1_0775_1543_mod2_ser	RW-QFDVSVWEAHFFCSGEINLYGPTEAAIEVTY	EH-UHNHUHHNHEHHCUGNHUHHGPUNHHHNHUH
BGC0000335_AID65222-1_2687_mod1_asn	YW-TFDMSVTPCKLVLGGEYNEYGPTEITVGCTV	HH-UHNHUHUPCEHHHGGNHUNHGPUNHUHGCUH
Q8NJX1_A5_abu|iva	Q--AFDLSVGECWFLLCGEFNGWGPAETCVFSSL	U--HHNHUHGNCHHHHCGNHUGHGPHNUCHHUUH
Q50857_A1_ala	N-VP-DMGIGGTSGFCGAEYPCYGLAEGTLIVTK	U-HP-NHGHGGUUGHCGHNHPCHGHHNGUHHHUE
Q50858_A1_gly	F-TAFDIAALELQALCGGEWNLYGPTETTVWSCR	H-UHHNHHHHNHUHHCGGNHUHHGPUNUUHHUCE
Q9FDT8_ALod_phe-ac	MGVM--AIFLGAWSVNAGEKPAFGMTESCSGITW	HGHH--HHHHGHHUHUHGNEPHHGHUNUCUGHUH
Q93N87_A3-6-_tyr	LA-AFDAAVSEMTVVVAGEINAYGPTETTVCASM	HH-HHNHHHUNHUHHHHGNHUHHGPUNUUHCHUH
P48633_A1_cys	TD-SFDLSVYDGNSMLSGDIAMGGATEASIWSNA	UN-UHNHUHHNGUUHHUGNHHHGGHUNHUHHUUH
Q884E4_A2_ser	RW-TFDVSVWEWHFMCSGEFNLYGPTEAAIDVTH	EH-UHNHUHHNHEHHCUGNHUHHGPUNHHHNHUE
BGC0000425_AFH75322-1_3790_mod4_hse	MW-SFDLTQKNANLVLGGEINSYGPTECSDVVAW	HH-UHNHUUEUHUHHHGGNHUUHGPUNCUNHHHH
BGC0000398_AFH75330-1_3756_mod4_val	LG-AFDASTLDGFLLCGGEVNGYGPTETTTFATH	HG-HHNHUUHNGHHHCGGNHUGHGPUNUUUHHUE
Q45R85_A5_gly|sar	LD-AFDIAALELQALVGGEVNVYGPTETTIWSTA	HN-HHNHHHHNHUHHHGGNHUHHGPUNUUHHUUH
Q09164_A3_leu	L--HFDASVWETLLYIGGDQNAYGPTENTVMSTI	H--EHNHUHHNUHHHHGGNUUHHGPUNUUHHUUH
Q83VS1_A4-9-_dhab|dht	LA-HFDFSVWEGNQIFGGEVNMYGITETTVHVTY	HH-EHNHUHHNGUUHHGGNHUHHGHUNUUHEHUH
AGM16413-1_273_mod1_val	L--QFDAATFEGWLLVGGDVNGYGPTENTTFTCC	H--UHNHHUHNGHHHHGGNHUGHGPUNUUUHUCC
AHF21228-1_2025_mod2_dab	TY-QFDVFVGDRESITSSDINSYGVTEAAIDSSF	UH-UHNHHHGNENUHUUUNHUUHGHUNHHHNUUH
AEC14349-1_24_mod1_val	L--SFDAATFEGFFVVGGDINGYGPTECTTFAIC	H--UHNHHUHNGHHHHGGNHUGHGPUNCUUHHHC
EFE73308-1_231_mod1_dab|dpr	HA-QFDISLWQSQICVSGEVNAYGLTETSDDTNH	EH-UHNHUHHUUUHCHUGNHUHHGHUNUUNNUUE
Q9S1A8_A1-8-_leu	LW-TFDAAVWEPFLLTGGDKNNYGPTENTVVTTS	HH-UHNHHHHNPHHHUGGNEUUHGPUNUUHHUUU
BGC0000439_AHH53508-1_1559_mod2_kyn	LA-VFDASIWDTTLTLTGDLNGYGPTEATVAATY	HH-HHNHUHHNUUHUHUGNHUGHGPUNHUHHHUH
Q5DIV8_A2-6-_horn	I--MFDGSHEGHVFYCGGDFNGYGPTETVVTPLL	H--HHNGUENGEHHHCGGNHUGHGPUNUHHUPHH
Q83VS1_A4_dhab|dht	LA-HFDFSVWEGNQIFGGEVNMYGITETTVHVTY	HH-EHNHUHHNGUUHHGGNHUHHGHUNUUHEHUH
BGC0000371_BAH31686-1_4563_mod4_horn	L-TAFDVAVFEMIILVGTENAAYGLTEATVNNTL	H-UHHNHHHHNHHHHHGUNUHHHGHUNHUHUUUH
Q8KLL5_A3_bht	L--AFDAAISEMTVVVAGEINGYGPTETTVCVTM	H--HHNHHHUNHUHHHHGNHUGHGPUNUUHCHUH
BGC0000400_AGM16413-1_4358_mod4_ile	V--SFDGSTFDGFILFGGEIHVYGPTESTVFATC	H--UHNGUUHNGHHHHGGNHEHHGPUNUUHHHUC
BGC0000464_CDG17980-1_3751_mod4_leu	L-TAFDACIWEMLLLVGGELNAYGPTEITVCATL	H-UHHNHCHHNHHHHHGGNHUHHGPUNHUHCHUH
Q9I157_A3-4-_dab	Q--QFDISVWQAESLPTGEVNAYGPAECSDDVAF	U--UHNHUHHUHNUHPUGNHUHHGPHNCUNNHHH
BGC0000456_BAO73252-1_996_mod1_athr|ser	I--AFDAAIQETTLM--GEINAYGPSECCIHSTC	H--HHNHHHUNUUHH--GNHUHHGPUNCCHEUUC
Q8J0L6_A1_lys-erg	A-VAFDVTIFDMSVVLGGEIRLYGASECTVMSIQ	H-HHHNHUHHNHUHHHGGNHEHHGHUNCUHHUHU
AHF21228-1_3575_mod3_gly	FG-SFDIFVLELQMMVGGEYNMYGPTETTVWSTV	HG-UHNHHHHNHUHHHGGNHUHHGPUNUUHHUUH
Q01757_A1_aad	SS-AFEPHLRQINALV-GESNEYAFTEAAFVTAV	UU-HHNPEHEUHUHHH-GNUUNHHHUNHHHHUHH
AEA30274-1_1533_mod2_d-leu	FS-SFDASVLEMLIVVGGDVNAYGPTEATVAVTS	HU-UHNHUHHNHHHHHGGNHUHHGPUNHUHHHUU
P26046_A2_cys	LS-SFDHFVEQDSGDCVGEHNGYGPTEVSITTHK	HU-UHNEHHNUNUGNCHGNEUGHGPUNHUHUUEE
BGC0001132_xnc1_2022_3284_mod4_val	L--TFDASTFDAWLIVGGDLNGYGPSEGTTFTTT	H--UHNHUUHNHHHHHGGNHUGHGPUNGUUHUUU
P27742_A3_val	A--LFDFSIEQLSGVVTGERNAYGITETTVYNIV	H--HHNHUHNUHUGHHUGNEUHHGHUNUUHHUHH
BGC0001133_XBJ1_0774_563_mod1_leu	LF-SFDASVFEPFIHTGGEFNQYGPTEITVCATQ	HH-UHNHUHHNPHHEUGGNHUUHGPUNHUHCHUU
Q9FB23_A2_asn	YW-VFDLTVTAAKIVAGGEVNEYGPTETTVGCCA	HH-HHNHUHUHHEHHHGGNHUNHGPUNUUHGCCH
EFE73312-1_4373_mod4_thr	LG-FFS--VWEGNQVFGGEVNMYGITETTVHVSY	HG-HHU--HHNGUUHHGGNHUHHGHUNUUHEHUH
BGC0000464_CDG17980-1_4858_mod5_ile	L--HFDAATWESFLLFGGELHMYGPTETTTFATA	H--EHNHHUHNUHHHHGGNHEHHGPUNUUUHHUH
CCJ67639-1_2757_mod3_d-val	LG-AFDASTLDAWMIVGGDLNGYGPTEATTFSTT	HG-HHNHUUHNHHHHHGGNHUGHGPUNHUUHUUU
CCJ67638-1_582_mod1_d-leu	LW-TFDAMAWEPFLLIGGDVNNYGPTEATVVATS	HH-UHNHHHHNPHHHHGGNHUUHGPUNHUHHHUU
BGC0000425_AFH75322-1_4831_mod5_dab	YD-NFDLSVEEPHLNVTGDINTYGPTEATVSCTT	HN-UHNHUHNNPEHUHUGNHUUHGPUNHUHUCUU
AGM16414-1_1316_mod2_lys	SW-AFDVFSGDRDVVVGADVNSYGVTETTIDSCY	UH-HHNHHUGNENHHHGHNHUUHGHUNUUHNUCH
Q8GAQ3_A2-4-_cys	TD-SFDLSVYDGNTLLSGDVSLGGATEASIWSVY	UN-UHNHUHHNGUUHHUGNHUHGGHUNHUHHUHH
BGC0000400_AGM16412-1_1974_mod2_val	L--QFDAATFEGWLLVGGDINGYGPTENTTFTCC	H--UHNHHUHNGHHHHGGNHUGHGPUNUUUHUCC
Q5DIP3_A3_orn	H-VSFDGFVEQPDLLAGGELNTYGPTEATVTVTT	E-HUHNGHHNUPNHHHGGNHUUHGPUNHUHUHUU
BGC0000449_AHF21228-1_10396_mod8_dab	TY-QFDVFVGDRESITSSDINSYGVTEAAIDSSF	UH-UHNHHHGNENUHUUUNHUUHGHUNHHHNUUH
BGC0001132_xnc1_2022_1149_mod2_leu	LI-AFDAGVWEMCLILGGEFNAYGPTEITVCATS	HH-HHNHGHHNHCHHHGGNHUHHGPUNHUHCHUU
Q939Z0_A2-5-_hpg|hpg2cl	L--HFDASLVEVHLLTGGDRQLYGPTEITLCATW	H--EHNHUHHNHEHHUGGNEUHHGPUNHUHCHUH
P45745_A1_gly	FS-TFDISALELQALVGGETNLYGPTETTIWSAA	HU-UHNHUHHNHUHHHGGNUUHHGPUNUUHHUHH
O05647_A1_pro	LW-AFDVAAQESYAAQAGEHNHYGPAETHVMTGI	HH-HHNHHHUNUHHHUHGNEUEHGPHNUEHHUGH
BGC0000463_AGM14933-1_6881_mod7_val	LW-SFDAMAWEPFLLVGGDVNNYGPTETTVVATS	HH-UHNHHHHNPHHHHGGNHUUHGPUNUUHHHUU
Q5MP00_A1-5-_gly	F-MTFDIAGLELQALCGGEWNLYGPTETTIWSAV	H-HUHNHHGHNHUHHCGGNHUHHGPUNUUHHUHH
O33743_A1-5-_asn	YW-FFDLTVTSTKLIVGGEFNEYGPTETVVGCMI	HH-HHNHUHUUUEHHHGGNHUNHGPUNUHHGCHH
BGC0000376_BAP16684-1_33_mod1_trp|6cl-trp	FA-NFDGWLWCLCLVVAGELNVYGPTEATIAATW	HH-UHNGHHHCHCHHHHGNHUHHGPUNHUHHHUH
O85168_A5_arg	VA-LFDVFSADRDFVCGSDQQAYGVTEASIDSTC	HH-HHNHHUHNENHHCGUNUUHHGHUNHUHNUUC
O87314_A1_orn	M--HFDMS-WEFNVLLGGEYNLYGPTEYTINTLG	H--EHNHU-HNHUHHHGGNHUHHGPUNHUHUUHG
Q65NK5_A2_leu	T--SFDAFMFDGMILFGGELHMYGPSESTVFTTY	U--UHNHHHHNGHHHHGGNHEHHGPUNUUHHUUH
Q6YK40_A2_asn	YW-FFDLTVTSTKLIVGGECNEYGPTETVVGCMI	HH-HHNHUHUUUEHHHGGNCUNHGPUNUHHGCHH
Q01886v2_A2_ala	I--AFDASIGDTGICVAGEINMYGPTEATVACIA	H--HHNHUHGNUGHCHHGNHUHHGPUNHUHHCHH
O68008_A1-8-_ile	V--SFDGSVFDGFIFLGGEIHVYGPTESTVYATY	H--UHNGUHHNGHHHHGGNHEHHGPUNUUHHHUH
Q9FDB3_A1-1-_dhab|dht	LA-HFDFSVWEGNQIFGGEVNMYGITETTVHVTY	HH-EHNHUHHNGUUHHGGNHUHHGHUNUUHEHUH
P94873_A2_cys	LS-SFDHFVEQDSGRIDGEINGYGPTEISITSHK	HU-UHNEHHNUNUGEHNGNHUGHGPUNHUHUUEE
Q6VT93_A1-16-_arg	H-VA-DAALEQPDLISGGEVNAYGPTETTITSTV	E-HH-NHHHNUPNHHUGGNHUHHGPUNUUHUUUH
Q7WZ65_A1_dpg	L--AFDASLYDVNFAAGGDWHTYGPTETTLCATW	H--HHNHUHHNHUHHHGGNHEUHGPUNUUHCHUH
BGC0001178_AGS77308-1_476_mod1_dpg	L--AFDASLYDVNFAAGGDLHSYGPTETTLCATW	H--HHNHUHHNHUHHHGGNHEUHGPUNUUHCHUH
AHF21228-1_12993_mod10_glu	LS-VFDASVKQADGLIGGEINVYGPTETTVDATA	HU-HHNHUHEUHNGHHGGNHUHHGPUNUUHNHUH
BGC0000423_CBG75492-1_4248_mod4_orn	LR-DFSFDSWELDVAVGGEHDLYGPTESAVDAYG	HE-NHUHNUHNHNHHHGGNENHHGPUNUHHNHHG
P25464_A2_cys	LS-SFDHFVEQDSGDCVGEINGYGPTEVSITTHK	HU-UHNEHHNUNUGNCHGNHUGHGPUNHUHUUEE
Q84BQ5_A3-5-_leu	LW-AFDAMAWEPFLLIGGDINNYGPTEATVVATS	HH-HHNHHHHNPHHHHGGNHUUHGPUNHUHHHUU
Q9RAH4_A4_leu	LW-TFDAAVWEPFLLTGGDVNNYGPTENTVVTTS	HH-UHNHHHHNPHHHUGGNHUUHGPUNUUHHUUU
AHH53506-1_3045_mod3_asp	Y--VFDLTVTATKVVVGGEVNAYGPTELTVNCTD	H--HHNHUHUHUEHHHGGNHUHHGPUNHUHUCUN
Q9Z4X5_A1_asp	Y--TFDLTITATKAILGGEINAYGPTESTVNITD	H--UHNHUHUHUEHHHGGNHUHHGPUNUUHUHUN
Q70LM5_A2-8-_val	L--QFDAATFEGWLLVGGDINGYGPTENTTFTCC	H--UHNHHUHNGHHHHGGNHUGHGPUNUUUHUCC
AHH53506-1_475_mod1_trp	LD-IFDVSLSELNIVTGGEFNAYGPSETTVEVTA	HN-HHNHUHUNHUHHUGGNHUHHGPUNUUHNHUH
BGC0000456_BAO73252-1_7854_mod6_val	I--AFDAAVFDAFFILGGEINVYGPTECSIYSTY	H--HHNHHHHNHHHHHGGNHUHHGPUNCUHHUUH
AEU11006-1_4186_mod2_gly	FA-GFDIAALELQALCGGEWNLYGPTETTIWSSV	HH-GHNHHHHNHUHHCGGNHUHHGPUNUUHHUUH
AEA30273-1_1527_mod2_pro	LW-AFDVSAQESYAAQAGEHNHYGPSETHVVTAH	HH-HHNHUHUNUHHHUHGNEUEHGPUNUEHHUHE
Q9RAH2_A1_leu	LW-TFDAAVWEPFLLTGGDVNNYGPTENTVVSTS	HH-UHNHHHHNPHHHUGGNHUUHGPUNUUHHUUU
Q8NJX1_A17_gln	T--SFDGSLGEGMLVLGGEFNGYGPAEACNYATT	U--UHNGUHGNGHHHHGGNHUGHGPHNHCUHHUU
Q9S1A8_A2-9-_me-asp	FW-QFDAYLREVHTVLGGEVNIYGASETTFVKHF	HH-UHNHHHENHEUHHGGNHUHHGHUNUUHHEEH
Q84BQ4_A2-8-_ser	RW-TFDVSVWEWHFMCSGEHNLYGPTEAAVDVTA	EH-UHNHUHHNHEHHCUGNEUHHGPUNHHHNHUH
simA_mod6_abu	T--AFDGSLGETMLILGGEINGYGPAETCNYCSA	U--HHNGUHGNUHHHHGGNHUGHGPHNUCUHCUH
BGC0001166_AGQ43600-1_228_mod1_pro	G--SFDISIADAVLIFTGEYNVYGPAENTLITTA	G--UHNHUHHNHHHHHUGNHUHHGPHNUUHHUUH
AEF33078-1_1540_mod2_33p-l-ala	L--AFDAAFWDMTLVVAGEVNSYGPTEITVSCAS	H--HHNHHHHNHUHHHHGNHUUHGPUNHUHUCHU
Q9Z4X6_A6_hpg|hpg2cl	L--AFDVSCYEVHLLTGGDLHLYGPTETTLCVTQ	H--HHNHUCHNHEHHUGGNHEHHGPUNUUHCHUU
O07944_A2_phe	TA-AFDAAVWESALIVAGDVNAYGLTETTVCATS	UH-HHNHHHHNUHHHHHGNHUHHGHUNUUHCHUU
Q93I55_A3_gln	LS-AFDASVQQADGLIGGETNVYGPTETCVDASL	HU-HHNHUHUUHNGHHGGNUUHHGPUNUCHNHUH
O69246_A3-6-_leu	LW-AFDASVWEPFLLTGGDVNNYGPTENTVVATS	HH-HHNHUHHNPHHHUGGNHUUHGPUNUUHHHUU
BGC0000463_AGM14934-1_3713_mod4_ile|val	LG-AFDAATLDGFVLCGGEVHCYGPTETTTFATA	HG-HHNHHUHNGHHHCGGNHECHGPUNUUUHHUH
BGC0000456_BAO73252-1_6319_mod5_tyr	V--AFDAAIQETTLILVGEINGYGPSECSIASTC	H--HHNHHHUNUUHHHHGNHUGHGPUNCUHHUUC
P27742_A1_aad	SS-SFEPFVRQMNGLV-GELNEYGFTESAFVTAL	UU-UHNPHHEUHUGHH-GNHUNHGHUNUHHHUHH
P39846_A2_thr	L-HHFDFSVWEGNQIFGGEINMYGITETTVHVTF	H-EEHNHUHHNGUUHHGGNHUHHGHUNUUHEHUH
BGC0000464_CDG17982-1_3820_mod4_leu	L--HFDASTWESWLLIGGDINGYGPTETTTFAAT	H--EHNHUUHNUHHHHGGNHUGHGPUNUUUHHHU
O86329_A1_lys	YW-AFDVSIAEGHFLIGGEHNFYGPTETVINASR	HH-HHNHUHHNGEHHHGGNEUHHGPUNUHHUHUE
Q5V8A8_A1_val	F--SFDISNYEVFLWIGGEVNGYGPTETTTYVTL	H--UHNHUUHNHHHHHGGNHUGHGPUNUUUHHUH
YP_702283-1_1525_mod2_fhorn	L-LSFDLAFWQWGVMLGAEFNAYGPTECTVNATL	H-HUHNHHHHUHGHHHGHNHUHHGPUNCUHUHUH
Q9FDB3_A4-4-_val	LG-AFDASTLDAWLIVGGDLNGYGPTEATTFSTT	HG-HHNHUUHNHHHHHGGNHUGHGPUNHUUHUUU
P94459_A2_glu	FS-HFDASIWEWHFFSGGEINSYGPTEATVEAAF	HU-EHNHUHHNHEHHUGGNHUUHGPUNHUHNHHH
AHH53507-1_4147_mod4_asp	Y--VFDLTLTVTKVVTGGEINAYGPTELTVNCTE	H--HHNHUHUHUEHHUGGNHUHHGPUNHUHUCUN
BGC0000418_AHF20583-1_473_mod1_dpg	LWHAFDPALYEVNFQTGGDLHTYGPTETTFCASW	HHEHHNPHHHNHUHUUGGNHEUHGPUNUUHCHUH
AHH53506-1_4093_mod4_thr	LA-SFS--VWEGNQIFGGEVNMYGITETTVHVTF	HH-UHU--HHNGUUHHGGNHUHHGHUNUUHEHUH
BGC0000439_AHH53507-1_6245_mod6_ala	LW-LFDVSVFEASAVFAGEFNLYGPTETTVYCTG	HH-HHNHUHHNHUHHHHGNHUHHGPUNUUHHCUG
BGC0000464_CDG17982-1_523_mod1_ala	LW-TFDLSVYEVNTNLAGECNLYGPSETTTYSTW	HH-UHNHUHHNHUUUHHGNCUHHGPUNUUUHUUH
BGC0000464_CDG17981-1_1643_mod2_leu	L--HFDASTWESWLLIGGDINGYGPTETTTFAAT	H--EHNHUUHNUHHHHGGNHUGHGPUNUUUHHHU
CCJ67638-1_1653_mod2_d-val	LG-AFDASTLDAWMIVGGDLNGYGPTEATTFSTT	HG-HHNHUUHNHHHHHGGNHUGHGPUNHUUHUUU
AGM16413-1_1312_mod2_lys	SW-AFDVFSGDRDVVVGADVNSYGVTETTIDSCY	UH-HHNHHUGNENHHHGHNHUUHGHUNUUHNUCH
Q8KLL3_A2_tyr	LA-AFDATVSEMTVVVAGEINAYGPTEATVCAAM	HH-HHNHUHUNHUHHHHGNHUHHGPUNHUHCHHH
Q83VS0_A1-11-_val	LG-AFDASTLDAWMIVGGDLNGYGPTEATTFSTT	HG-HHNHUUHNHHHHHGGNHUGHGPUNHUUHUUU
AGM16412-1_456_mod1_orn	MW-AFDVFSGDRESIIGSDLNSYGVTEACVDASY	HH-HHNHHUGNENUHHGUNHUUHGHUNHCHNHUH
BGC0001178_AGS77307-1_26_mod1_hpg	L--AFDASLFEVHLLTGGDRHLYGPTETTLCATW	H--HHNHUHHNHEHHUGGNEEHHGPUNUUHCHUH
Q83VS1_A5_ala	FW-TFDLAVYEANTNVAGECNLYGPSETTTYSSW	HH-UHNHHHHNHUUUHHGNCUHHGPUNUUUHUUH
AFZ61526-1_575_mod1_leu	LW-TFDAMAWEPFLLIGGDINNYGPTEATVVATS	HH-UHNHHHHNPHHHHGGNHUUHGPUNHUHHHUU
Q83VS1_A2_val	LG-AFDASTLDAWMIVGGDLNGYGPTEATTFSAT	HG-HHNHUUHNHHHHHGGNHUGHGPUNHUUHUHU
BGC0000418_AHF20584-1_1929_mod2_hpg	L--AFDASLVEVHLLTGGDRQLYGPTEITLCATW	H--HHNHUHHNHEHHUGGNEUHHGPUNHUHCHUH
Q70P97_A1_cys	TD-SFDLSVYDGNSMMSGDISLGGATEGSVWSIL	UN-UHNHUHHNGUUHHUGNHUHGGHUNGUHHUHH
Q93N87_A3_tyr	LA-AFDAAVSEMTVVVAGEINAYGPTETTVCASM	HH-HHNHHHUNHUHHHHGNHUHHGPUNUUHCHUH
CCJ67637-1_576_mod1_d-leu	LW-TFDAMAWEPFLLIGGDVNNYGPTEATVVATS	HH-UHNHHHHNPHHHHGGNHUUHGPUNHUHHHUU
AHZ34232-1_2599_mod3_gln	LW-HFDASVWEWQFCGGGEHNVYGPTETTVDSSA	HH-EHNHUHHNHUHCGGGNEUHHGPUNUUHNUUH
O30408_A2-3-_phe	SW-SFDAFALTTVFMLGGEMNAYGPTESSVMATY	UH-UHNHHHHUUHHHHGGNHUHHGPUNUUHHHUH
BGC0000418_AHF20582-1_1038_mod2_bht	LA-AFDTIVSEMKARAAGELNAYGPTETTICATV	HH-HHNUHHUNHEHEHHGNHUHHGPUNUUHCHUH
P19787_A3_val	A--SFDFSVEQLSGVVTGENNAYGVTETTVYNII	H--UHNHUHNUHUGHHUGNUUHHGHUNUUHHUHH
Q84BQ5_A4-6-_ser	RW-TFDVSVWEWHFMCSGEHNLYGPTEAAVDVTA	EH-UHNHUHHNHEHHCUGNEUHHGPUNHHHNHUH
BGC0000419_AIG79243-1_26_mod1_hpg	L--AFDASLCEVHLLTGGDRHLYGPTETTLCATW	H--HHNHUHCNHEHHUGGNEEHHGPUNUUHCHUH
Q9RFM9_A1_dhb|sal	N--LFTLCCPGGALQVGGSGQVLGMAEGLICYTR	U--HHUHCCPGGHHUHGGUGUHHGHHNGHHCHUE
O85168_A4_dab	YD-QFDLSVEEPHLLINGDINTYGPTEATVSCTA	HN-UHNHUHNNPEHHHUGNHUUHGPUNHUHUCUH
P27742_A2_cys	LS-SFDHFVEQDSGDCVGEQNGYGPTEISITTHK	HU-UHNEHHNUNUGNCHGNUUGHGPUNHUHUUEE
BGC0000449_AHF21228-1_6670_mod5_trp	LY-AFDAACWEQALFTAGSYNGYGPTENSVATSV	HH-HHNHHCHNUHHHUHGUHUGHGPUNUUHHUUH
Q9Z5F4_A1_gly	F-CAFDIAALELQALCGGEWNMFGPTETTIWSTM	H-CHHNHHHHNHUHHCGGNHUHHGPUNUUHHUUH
BGC0000463_AGM14934-1_568_mod1_leu	LW-SFDAMAWEPFLLIGGDVNNYGPTETTVVASS	HH-UHNHHHHNPHHHHGGNHUUHGPUNUUHHHUU
YP_631961-1_10241_mod7_tyr	H-TIFHFDALEVDCVCAGEFNAYGPTESTVCATT	E-UHHEHNHHNHNCHCHGNHUHHGPUNUUHCHUU
BGC0001019_AHB82071-1_523_mod1_gly	FS-AFDIAGLELQALCGGEWNLYGPTETTIWSSA	HU-HHNHHGHNHUHHCGGNHUHHGPUNUUHHUUH
BGC0000398_AFH75328-1_1544_mod2_glu	LW-AFDGSVWEWKFFCGGGHNVYGPTEATVDSTA	HH-HHNGUHHNHEHHCGGGEUHHGPUNHUHNUUH
O68006_A1_ile	V--SFDGSVFDGFILFGGEIHVYGPTESTVYATY	H--UHNGUHHNGHHHHGGNHEHHGPUNUUHHHUH
P0C064_A4-5-_leu	CW-QFDGFVASAYGTLGGENNEYGPTENSVVTIM	CH-UHNGHHHUHHGUHGGNUUNHGPUNUUHHUHH
CCJ67640-1_5904_mod6_lys	EA-AFDASIEEGSLVVGGELNTYGPTEATIIATA	NH-HHNHUHNNGUHHHGGNHUUHGPUNHUHHHUH
Q5DIV7_A1_ser	RW-QFDVSVWEWHFVCSGEYNLYGPTEAAIDVTH	EH-UHNHUHHNHEHHCUGNHUHHGPUNHHHNHUE
Q2VQ17_A1_bmt	LN-HFDFSVWEGNQIFGGEINMYGITETTVHVTY	HU-EHNHUHHNGUUHHGGNHUHHGHUNUUHEHUH
Q93N87_A2-5-_hpg|hpg2cl	L--AFDISLFEVHVLTGGDRHLYGPTEVSLCATW	H--HHNHUHHNHEHHUGGNEEHHGPUNHUHCHUH
EFE73312-1_5470_mod5_val	LK-FFS--VWEGNQIFGGEVNMYAPTETTVVCTA	HE-HHU--HHNGUUHHGGNHUHHHPUNUUHHCUH
P0C064_A2-3-_val	L--QFDALTFEGWLIVGGDWNGYGPTENTTFSTC	H--UHNHHUHNGHHHHGGNHUGHGPUNUUUHUUC
Q09164_A5_bmt	LP-AFDASIWETTLYTGGDFSGYGPTENTVISTI	HP-HHNHUHHNUUHHUGGNHUGHGPUNUUHHUUH
Q8G983/24744797_A2-7-_ala	L--TFDLSVFELNTNLAGEYNLYGPSEDTSYSTF	H--UHNHUHHNHUUUHHGNHUHHGPUNNUUHUUH
Q9RLP6/5869932_A1_phe	L-VWFDASVWENTQTLAGEINAYGPTETTICVTS	H-HHHNHUHHNUUUUHHGNHUHHGPUNUUHCHUU
Q2XNF8_A1-2-_ala	RW-T-DAALWEWHFICSGEHRLYGPAETAMDATA	EH-U-NHHHHNHEHHCUGNEEHHGPHNUHHNHUH
YP_631961-1_4764_mod4_ser	RW-TFDVSVWEWHFVCSGEHNLYGPTEAAVDVTY	EH-UHNHUHHNHEHHCUGNEUHHGPUNHHHNHUH
Q84BC7_A1-4-_ile	L--QFDAATFEGFLLFGGELHVYGPTENTTFSSW	H--UHNHHUHNGHHHHGGNHEHHGPUNUUUHUUH
O87313_A2_b-ala	RW-SIDGT-TEALAIVSGEVNSYGSSEAGDVLAG	EH-UHNGU-UNHHHHHUGNHUUHGUUNHGNHHHG
Q8KLL5_A2-5-_hpg|hpg2cl	L--HFDASLFEAHLLTGGDRHLYGPTETTLCGTW	H--EHNHUHHNHEHHUGGNEEHHGPUNUUHCGUH
BGC0001035_EPE34341-1_6121_mod6_4oh-pro	SA-SFDNVITDAMLILTGEYNAYGPTEGSMSTCT	UH-UHNUHHUNHHHHHUGNHUHHGPUNGUHUUCU
Q84BQ5_A1-3-_thr	LA-HFDFSVWEGNQIFGGEVNMYGITETTVHVTY	HH-EHNHUHHNGUUHHGGNHUHHGHUNUUHEHUH
BGC0000439_AHH53508-1_483_mod1_glu	Y--HFDLTVGAVKATLGGEFNVYGPTETTVNCAE	H--EHNHUHGHHEHUHGGNHUHHGPUNUUHUCHN
Q5DIS9_A3-7-_gly	FS-TFDIAGLELQALCGGEWNVYGPTETTIWSSC	HU-UHNHHGHNHUHHCGGNHUHHGPUNUUHHUUC
P59591_A1_ala	FWSAFDLSVMYPTSFDGEEVNAYGPTEATVALSA	HHUHHNHUHHHPUUHNGNNHUHHGPUNHUHHHUH
BGC0000416_CBJ90288-1_557_mod1_val	LQ-AFDAAILEMVLLLAGEFNVYGPTECTSIITC	HU-HHNHHHHNHHHHHHGNHUHHGPUNCUUHHUC
Q9R9J0_A2_asn	YW-PFDLTVTSTKLIVGGEINEYGPTETVVGCML	HH-PHNHUHUUUEHHHGGNHUNHGPUNUHHGCHH
BGC0000425_AFH75321-1_581_mod1_d-gln	LW-TFDAMAWEPFLLIGGDVNNYGPTEATIVATS	HH-UHNHHHHNPHHHHGGNHUUHGPUNHUHHHUU
P94873_A1_aad	AS-AFEPFMRQINGLV-GEHNEYAFTETAFVTAI	HU-HHNPHHEUHUGHH-GNEUNHHHUNUHHHUHH
Q6YK39_A2_thr	LN-HFDFSVWEGNQIFGGEINMYGITETTVHVTY	HU-EHNHUHHNGUUHHGGNHUHHGHUNUUHEHUH
P0A398_A1_ala	FWTAFDLSVMYPTSHFYGEINAYGPTEATVALSA	HHUHHNHUHHHPUUEHHGNHUHHGPUNHUHHHUH
Q847C7_A2-7-_me-asp	FW-QFDAYLREVHTVLGGEVNIYGASETTFVKHF	HH-UHNHHHENHEUHHGGNHUHHGHUNUUHHEEH
BGC0000423_CBG75492-1_2792_mod3_horn	M--HFDMS-WELNVLLGGEYNLYGPTEYTINTLG	H--EHNHU-HNHUHHHGGNHUHHGPUNHUHUUHG
AHH53506-1_5177_mod5_gly	FD-AFDIAGLEGQALVGGETNLYGPTETTIWSTV	HN-HHNHHGHNGUHHHGGNUUHHGPUNUUHHUUH
Q70AZ7_A2_hpg|hpg2cl	L--AFDASLLEVHLLTGGDRHLYGPTETTLCATW	H--HHNHUHHNHEHHUGGNEEHHGPUNUUHCHUH
Q54356_A1_pro-4p	SW-CFDVSVASGLSTVVGDLNIYGPTETNGCTYE	UH-CHNHUHHUGHUUHHGNHUHHGPUNUUGCUHN
O85740_A1-3-_cys	TD-AFDLSVYDGNSLWSGDPDAVRRTEAAIWSIE	UN-HHNHUHHNGUUHHUGNPNHHEEUNHHHHUHN
AHZ20774-1_477_mod1_thr	LS-HFDFSVWEGNQIFGGEVNMYGITETTVHVTY	HU-EHNHUHHNGUUHHGGNHUHHGHUNUUHEHUH
BGC0000463_AGM14925-1_482_mod1_leu	LW-SFDAMAWEPFLLVGGDINNYGPTEATVVASA	HH-UHNHHHHNPHHHHGGNHUUHGPUNHUHHHUH
Q9Z4X5_A3-9-_asn	Y--SFDLTVTGAKAVLGGELNEYGPTETIVGCTT	H--UHNHUHUGHEHHHGGNHUNHGPUNUHHGCUU
Q5DIP4_A4-7-_horn	HG-MGAHERW-TAFYCGGDINGYGPTETVVTPLI	EG-HGHENEH-UHHHCGGNHUGHGPUNUHHUPHH
CBG75492_1712_mod2_ser	RW-TFDVSVWEWHFLSSGEVNLYGPTEAAVDVTY	EH-UHNHUHHNHEHHUUGNHUHHGPUNHHHNHUH
BGC0000371_BAH33409-1_3340_mod3_horn	MK-HFDMS-WEFNVMLGGEYDLYGPTEFTINAMG	HE-EHNHU-HNHUHHHGGNHNHHGPUNHUHUHHG
BGC0001045_AFR69334-1_2032_mod2_d-cys	S--CFDLSVFDGESMLSGDIALGGATEAAIWSCY	U--CHNHUHHNGNUHHUGNHHHGGHUNHHHHUCH
O52819_A1_leu	L--HFDASLFETYLLTGGDRNMYGPTEATMCATW	H--EHNHUHHNUHHHUGGNEUHHGPUNHUHCHUH
Q70AZ8_A1-3-_dpg	L--AFDASLYDVNFLAGGDWHTYGPTETTLCATW	H--HHNHUHHNHUHHHGGNHEUHGPUNUUHCHUH
BGC0000314_WP_010369430-1_544_mod1_asn	YAISFDLSVTTCKTMLGGENDEYGPTEATVGAML	HHHUHNHUHUUCEUHHGGNUNNHGPUNHUHGHHH
BGC0000463_AGM14934-1_1604_mod2_leu	LW-TFDAMAWEPFLLIGGDVNNYGPTEATVVATS	HH-UHNHHHHNPHHHHGGNHUUHGPUNHUHHHUU
P25464_A1_aad	S--SFEPFVRQMHALV-GEKNEYGFTESAFVTAL	U--UHNPHHEUHEHHH-GNEUNHGHUNUHHHUHH
AEA30273-1_471_mod1_boh-phe	LS-AFDAAFWEMTIVVAGEINAYGPSETTVCATS	HU-HHNHHHHNHUHHHHGNHUHHGPUNUUHCHUU
Q939Z1_A2_bht	LA-AFDTIVSEMKAVAAGEINAYGPTETTICATM	HH-HHNUHHUNHEHHHHGNHUHHGPUNUUHCHUH
Q9R9J1_A1_asn	YW-PFDLTVTSTKLIVGGEFNEYGPTEAVVGCMI	HH-PHNHUHUUUEHHHGGNHUNHGPUNHHHGCHH
BGC0000414_BAO84864-1_768_mod1_glycolic-acid	---CSDVR------VAGGD---------------	---CUNHE------HHGGN---------------
Q70LM5_A3-9-_trp	LA-TFDVSVSEMSMIVGGEFNCYGPTEATVCSTM	HH-UHNHUHUNHUHHHGGNHUCHGPUNHUHCUUH
Q50E73_A3-8-_ala	FW-LFDVSVVEASGALAGERNFYGPTEATVYATA	HH-HHNHUHHNHUGHHHGNEUHHGPUNHUHHHUH
Q9Z4X5_A1-7-_asp	Y--TFDLTITATKAILGGEINAYGPTESTVNITD	H--UHNHUHUHUEHHHGGNHUHHGPUNUUHUHUN
Q9R9I9_A1_ser	RW-QFDVSVWEWHFFASGEINLYGPTEATIDVSY	EH-UHNHUHHNHEHHHUGNHUHHGPUNHUHNHUH
Q08787_A1-7-_leu	L--SFDAFTFDAFALFGGEINCYGPTEGTVFATA	H--UHNHHUHNHHHHHGGNHUCHGPUNGUHHHUH
ZP_10287804-1_544_mod1_d-val	L--HFDAATFETWLLTGGEINAYGPTESTTFTTF	H--EHNHHUHNUHHHUGGNHUHHGPUNUUUHUUH
O33743_A5-9-_orn	VW-QFDVSTGDREAILGADINSYGVTEACIDTSY	HH-UHNHUUGNENHHHGHNHUUHGHUNHCHNUUH
Q45R83_A3-10-_gly	FD-TFDIAVLEAQALVGGELNLYGPTETTVWSTV	HN-UHNHHHHNHUHHHGGNHUHHGPUNUUHHUUH
BGC0000974_AIR74926-1_511_mod1_gly	FS-AFDIAGLELQGLCGGEWNMYGPTETTIWSAA	HU-HHNHHGHNHUGHCGGNHUHHGPUNUUHHUHH
Q333U7_A2-4-_cys	L--AFDASTYEVWLWAGGDVNGYGPTETTTFAAR	H--HHNHUUHNHHHHHGGNHUGHGPUNUUUHHHE
Q5DIP4_A2-5-_athr	LA-HFDFSVWEGNQVFGGEVNMYGITETTVHVTY	HH-EHNHUHHNGUUHHGGNHUHHGHUNUUHEHUH
AGZ15458-1_478_mod1_pip	G--AFDVSVFESSGVFAGDVNSYGQSESFYATTF	G--HHNHUHHNUUGHHHGNHUUHGUUNUHHHUUH
Q93I54_A1_asn	YW-FFDLTITSTKLIVGGDFNEYGPTETVVGCMI	HH-HHNHUHUUUEHHHGGNHUNHGPUNUHHGCHH
Q9C1G0v1_A2_cys	LS-SFDHFVEQDSGDCVGEINGYGPTEVSITTSK	HU-UHNEHHNUNUGNCHGNHUGHGPUNHUHUUUE
BGC0000398_AFH75329-1_2729_mod3_leu	LW-SFDAMAWEPFLLIGGDVNNYGPTEATVVATS	HH-UHNHHHHNPHHHHGGNHUUHGPUNHUHHHUU
AHZ20784-1_509_mod1_thr	LA-CFS--VWEGNQIFGGEVNMYGITETTVHVTY	HH-CHU--HHNGUUHHGGNHUHHGHUNUUHEHUH
BGC0000431_EFE73312-1_5470_mod5_thr	LK-FFS--VWEGNQIFGGEVNMYAPTETTVVCTA	HE-HHU--HHNGUUHHGGNHUHHHPUNUUHHCUH
AHH53507-1_475_mod1_orn	L--AFDTS-WELDLMLGGEHNYYGPTEFTVDAVA	H--HHNUU-HNHNHHHGGNEUHHGPUNHUHNHHH
Q83VS0_A6-16-_ser	RW-TFDVSVWELHFLCSGEHNLYGPTEAAIDVTA	EH-UHNHUHHNHEHHCUGNEUHHGPUNHHHNHUH
Q9RFK9_A1_cys	TD-SFDLSVYDGNSMLSGDISLGGATEASIWSII	UN-UHNHUHHNGUUHHUGNHUHGGHUNHUHHUHH
BGC0000439_AHH53507-1_475_mod1_orn	L--AFDTS-WELDLMLGGEHNYYGPTEFTVDAVA	H--HHNUU-HNHNHHHGGNEUHHGPUNHUHNHHH
Q70KJ6_A1-4-_val	L--QFDAGTFEGWLIIGGDWNGYGPTENTTFSTS	H--UHNHGUHNGHHHHGGNHUGHGPUNUUUHUUU
BGC0000425_AFH75320-1_1563_mod2_d-pro	LW-LFDVAFQESYLITAGEHNHYGPTESHVTTAL	HH-HHNHHHUNUHHHUHGNEUEHGPUNUEHUUHH
AGM16413-1_5398_mod5_pro	LYVAFDVCYQESYLITAGEHNHYGPSETHVVTAY	HHHHHNHCHUNUHHHUHGNEUEHGPUNUEHHUHH
BGC0000419_AIG79241-1_3410_mod3_bht	LA-SFDAIVSEMTVRTGGEINAYGPTETTICSTM	HH-UHNHHHUNHUHEUGGNHUHHGPUNUUHCUUH
ZP_10287805-1_544_mod1_d-asn	YAISFDLSVTTCKTMLGGENDEYGPTEATVGAML	HHHUHNHUHUUCEUHHGGNUNNHGPUNHUHGHHH
Q83VS0_A11-21-_dab	YD-QFDLSVEEPHLLINGDINTYGPTEATVSCAA	HN-UHNHUHNNPEHHHUGNHUUHGPUNHUHUCHH
BGC0000463_AGM14933-1_561_mod1_gln	LW-HFDASVWEWQFCGGGEHNVYGPTETTVDCTV	HH-EHNHUHHNHUHCGGGNEUHHGPUNUUHNCUH
BGC0000463_AGM14933-1_1613_mod2_gln	LG-AFDASTLEAWLMVGGDLNGYGPTEATTFSTT	HG-HHNHUUHNHHHHHGGNHUGHGPUNHUUHUUU
O69246_A1-4-_val	L--QFDASTFEGWLIIGGDWNGYGPTENTTFSTC	H--UHNHUUHNGHHHHGGNHUGHGPUNUUUHUUC
Q83VS1_A3_val	LG-AFDASTLDAWMIVGGDLNGYGPTEATTFSAT	HG-HHNHUUHNHHHHHGGNHUGHGPUNHUUHUHU
Q884E4_A1_thr	LA-HFDFSVWEGNQIFGGEINMYGITETTVHVTY	HH-EHNHUHHNGUUHHGGNHUHHGHUNUUHEHUH
P39845_A2_orn	AA-AFDVFSGDRESILGSDINSYGVTEATIDSSF	HH-HHNHHUGNENUHHGUNHUUHGHUNHUHNUUH
Q83Y49_A1_val	L--AFDASTFEGWLLTGGDLTCYGPTEGTVFTTA	H--HHNHUUHNGHHHUGGNHUCHGPUNGUHHUUH
simA_mod7_sar	GA-S-NISMIECMEIMSGEINGYGSAETCGISHT	GH-U-UHUHHNCHNHHUGNHUGHGUHNUCGHUEU
BGC0000299_ERG36783-1_544_mod1_val	L--HFDAATFETWLLTGGEINAYGPTESTTFTTF	H--EHNHHUHNUHHHUGGNHUHHGPUNUUUHUUH
BGC0001125_AIW82284-1_295_mod1_deoxy-thr	LA-HFDFSVWEGNQVFGGEVNMYGITETTVHVTY	HH-EHNHUHHNGUUHHGGNHUHHGHUNUUHEHUH
Q50E73_A1-6-_orn	LR-LFDTS-WEIDVMLGGEYNYYGPTEFTVDALA	HE-HHNUU-HNHNHHHGGNHUHHGPUNHUHNHHH
BGC0000464_CDG17982-1_2738_mod3_pro	LW-AFDVAFQETFLITAGEHNHYGPTESHVVTAY	HH-HHNHHHUNUHHHUHGNEUEHGPUNUEHHUHH
EFE73313-1_484_mod1_ser	RW-TFDVSVWEWHFVCSGEENLYGPTEASVDVTA	EH-UHNHUHHNHEHHCUGNNUHHGPUNHUHNHUH
BGC0000369_AHZ20774-1_1541_mod2_gln	HW-QFDASVWETQLVFGGEANLYGPAETTIDVAV	EH-UHNHUHHNUUHHHGGNHUHHGPHNUUHNHHH
BGC0000439_AHH53506-1_475_mod1_trp	LD-IFDVSLSELNIVTGGEFNAYGPSETTVEVTA	HN-HHNHUHUNHUHHUGGNHUHHGPUNUUHNHUH
Q8NJX1_A11_leu	NA-LFDFSILEMYLVFGGEINGWGPTETTVVGSI	UH-HHNHUHHNHHHHHGGNHUGHGPUNUUHHGUH
BGC0001113_AIC32693-1_544_mod1_thr	L-RAFS--VWEGNQVFGGEINMYGITETTVHVTH	H-EHHU--HHNGUUHHGGNHUHHGHUNUUHEHUE
BGC0000449_AHF21228-1_8208_mod6_ser	RW-QFDVSVWEWHFFASGEINLYGPTEATVDVSY	EH-UHNHUHHNHEHHHUGNHUHHGPUNHUHNHUH
O68006_A3_leu	LW--FDAFVWEPFLLTGGDVNNYGPTENTVVATS	HH--HNHHHHNPHHHUGGNHUUHGPUNUUHHHUU
BGC0000369_AHZ20774-1_3047_mod3_gly	FS-AFDIAGLELQALCGGEWNVYGPTETTIWSAM	HU-HHNHHGHNHUHHCGGNHUHHGPUNUUHHUHH
Q8NJX1_A13_pro	S--SFDVGVLDVFLCLGGEHGLYGPAEASIWNPA	U--UHNHGHHNHHHCHGGNEGHHGPHNHUHHUPH
Q9RAH4_A2_ser	RW-QFDVSVWEWHFICSGEHNLYGPTEAAIDVTY	EH-UHNHUHHNHEHHCUGNEUHHGPUNHHHNHUH
P45745_A1-2-_gly	FS-TFDISALELQALVGGETNLYGPTETTIWSAA	HU-UHNHUHHNHUHHHGGNUUHHGPUNUUHHUHH
P26046_A3_val	A--SFDFSVEQLSGVVTGENNAYGVTETTVYNII	H--UHNHUHNUHUGHHUGNUUHHGHUNUUHHUHH
AGC65513-1_491_mod1_phe|tyr	KI-MFDPWMHQVMSIIGGEWNCYGPTEATIHATT	EH-HHNPHHEUHHUHHGGNHUCHGPUNHUHEHUU
BGC0000449_AHF21228-1_12993_mod10_glu	LS-VFDASVKQADGLIGGEINVYGPTETTVDATA	HU-HHNHUHEUHNGHHGGNHUHHGPUNUUHNHUH
Q09164_A8_leu	L--SFDASIWETLFYIGGDYNAYGPTENTVMSTI	H--UHNHUHHNUHHHHGGNHUHHGPUNUUHHUUH
O68006_A4_glu	LN-VFDASVKQADMIVGGDTNVYGPTECCVDAAS	HU-HHNHUHEUHNHHHGGNUUHHGPUNCCHNHHU
YP_003712464-1_561_mod1_leu	LQ-AFDAAILEMVLLLAGEFNVYGPTECTSIITS	HU-HHNHHHHNHHHHHHGNHUHHGPUNCUUHHUU
BGC0000400_AGM16412-1_3015_mod3_thr	LN-HFDFSVWEGNQIFGGEINMYGITETTVHVTY	HU-EHNHUHHNGUUHHGGNHUHHGHUNUUHEHUH
Q5DIS7_A3_horn	H--HFDGAHEGHVFYCGGDFNGYGPTETVVTPLL	E--EHNGHENGEHHHCGGNHUGHGPUNUHHUPHH
Q54959_A2_abu|iva	L--SFDTSQYEVWLWTGGDVDGYGPTETTTFATH	H--UHNUUUHNHHHHUGGNHNGHGPUNUUUHHUE
BGC0001133_XBJ1_0775_3649_mod4_leu	LF-SFDASVFEPFIHTGGEFNQYGPTEITVCATQ	HH-UHNHUHHNPHHEUGGNHUUHGPUNHUHCHUU
Q9FDB3_A5-5-_ala	FW-TFDLAVYEANTNVAGECNLYGPSETTTYSSW	HH-UHNHHHHNHUUUHHGNCUHHGPUNUUUHUUH
Q5ZPB0_A1_pip	LW-AFDICYQETYLITAGETNQYGPSECHVVTSH	HH-HHNHCHUNUHHHUHGNUUUHGPUNCEHHUUE
Q93N87_A1_hpg|hpg2cl	L--AFDISLFEVHVLTGGDRHLYGPTEVSLCATW	H--HHNHUHHNHEHHUGGNEEHHGPUNHUHCHUH
Q65NK5_A1_gln	LA-AFDASVQQTDGLVGGETNVYGPTETCVDASS	HH-HHNHUHUUUNGHHGGNUUHHGPUNUCHNHUU
YP_631961-1_9179_mod6_ser	RW-TFDVSVWEWHFVCSGEHNLYGPTEAAVDVTY	EH-UHNHUHHNHEHHCUGNEUHHGPUNHHHNHUH
AHF21229-1_280_mod1_val	----------------------------------	----------------------------------
Q51338_A2_thr	LA-HFDFSVWEGNQIFGGEVNMYGITETTVHVTY	HH-EHNHUHHNGUUHHGGNHUHHGHUNUUHEHUH
Q54959_A1_athr|thr	LS-HFDFSVWEGNQVFGGEVNMYGITETTVHVTH	HU-EHNHUHHNGUUHHGGNHUHHGHUNUUHEHUE
O68008_A5-12-_asn	YW-AFDLTVTSTKLIVGGEIEIYGPTETVVGCMI	HH-HHNHUHUUUEHHHGGNHNHHGPUNUHHGCHH
Q9Z4X5_A3_asn	Y--SFDLTVTGAKAVLGGELNEYGPTETIVGCTT	H--UHNHUHUGHEHHHGGNHUNHGPUNUHHGCUU
Q70KJ6_A3-6-_leu	LW-AFDASIWEPFLLVGGDTNNYGPTENTVVATS	HH-HHNHUHHNPHHHHGGNUUUHGPUNUUHHHUU
Q93N87_A2_hpg|hpg2cl	L--AFDISLFEVHVLTGGDRHLYGPTEVSLCATW	H--HHNHUHHNHEHHUGGNEEHHGPUNHUHCHUH
BGC0000431_EFE73312-1_2615_mod3_dpr	RW-TFDVSVWEWHFVCSGEENLYGPTEASVDVTA	EH-UHNHUHHNHEHHCUGNNUHHGPUNHUHNHUH
Q45563_A1-10-_ile	L--LFDAVTFEGFLYVGGEYNIYGPTENTTFSTF	H--HHNHHUHNGHHHHGGNHUHHGPUNUUUHUUH
AEF33078-1_463_mod1_thr	L-QHFDFSVWEGNQVFGGEVNMYGITETTVHVTY	H-UEHNHUHHNGUUHHGGNHUHHGHUNUUHEHUH
Q939Z0_A3-6-_bht	LA-SFDAIVSEMTVLTGGEIQAYGPTETTICSTM	HH-UHNHHHUNHUHHUGGNHUHHGPUNUUHCUUH
Q04747_A2-5-_asp	YW--FDLGYTSPKLVLGGEINHYGPTEATIGAIA	HH--HNHGHUUPEHHHGGNHUEHGPUNHUHGHHH
O30980_A1-7-_pro	LFTAFDVCYQESVSITAGEHNHYGPSETHVVSAY	HHUHHNHCHUNUHUHUHGNEUEHGPUNUEHHUHH
AEA30274-1_484_mod1_aoh-gly	LD-AFDISALEVQALVGGETNVYGPTETTVWSTT	HN-HHNHUHHNHUHHHGGNUUHHGPUNUUHHUUU
Q9KID8v1_A1_pip	LW-QFDYSVQESYACQGGEHNHYGPAESQLITGY	HH-UHNHUHUNUHHCUGGNEUEHGPHNUUHHUGH
AGZ15459-1_2235_mod2_3oh-3me-pro	AA-LFDVATFESCSNISGEINSYGPSET-FYATG	HH-HHNHHUHNUCUUHUGNHUUHGPUNU-HHHUG
Q9Z4X6_A3_trp	I--HFDASFWEMSLVVGAELNSYGPTETTVCSTS	H--EHNHUHHNHUHHHGHNHUUHGPUNUUHCUUU
Q45295_A2_leu	T--SFDAFMFDGMILFGGELHMYGPSESTVFTTY	U--UHNHHHHNGHHHHGGNHEHHGPUNUUHHUUH
O87313_A1_orn	RW-FFDISVNELYLWCGGEYHGYGPAEATIGVSH	EH-HHNHUHUNHHHHCGGNHEGHGPHNHUHGHUE
Q8NJX1_A1_abu|iva	Q--AFDLSIGEGYLLFAGEINGWGPAETCVFSTL	U--HHNHUHGNGHHHHHGNHUGHGPHNUCHHUUH
Q8NJX1_A6_gln	T--SFDGSLGETMLVLGGEVNGYGPAEACNYATT	U--UHNGUHGNUHHHHGGNHUGHGPHNHCUHHUU
AHH53507-1_1547_mod2_asp	Y--AFDLTVTATKVVLGGEVNAYGPTELTVNCTD	H--HHNHUHUHUEHHHGGNHUHHGPUNHUHUCUN
BGC0000451_CP001614-2_15150-22349_mod2_ser	RW-QFDVSVWEWHFFCSGEHNLYGPTEAAVDVTY	EH-UHNHUHHNHEHHCUGNEUHHGPUNHHHNHUH
Q45295_A3_leu	LW-AFDASVWEPFLLTGGDVNNYGPTENTVVATS	HH-HHNHUHHNPHHHUGGNHUUHGPUNUUHHHUU
O68008_A4-11-_asp	YW-SFDLGYTSSKLVLGGEMNHYGPTETTIGSVF	HH-UHNHGHUUUEHHHGGNHUEHGPUNUUHGUHH
BGC0000400_AGM16413-1_5398_mod5_pro	LYVAFDVCYQESYLITAGEHNHYGPSETHVVTAY	HHHHHNHCHUNUHHHUHGNEUEHGPUNUEHHUHH
Q9FDB3_A1_dhab|dht	LA-HFDFSVWEGNQIFGGEVNMYGITETTVHVTY	HH-EHNHUHHNGUUHHGGNHUHHGHUNUUHEHUH
P09095_A1_phe	LF-AFDASVWEMTLITAGSINAYGPTETSICATI	HH-HHNHUHHNHUHHUHGUHUHHGPUNUUHCHUH
P27206_A1_glu	L--LFDASVKQADGLIGGETNVYGPTETCVDASV	H--HHNHUHEUHNGHHGGNUUHHGPUNUCHNHUH
O05819_A1_lys	Y--HFDAA-WQVDTALGGEANCYGPTETTVEAVV	H--EHNHH-HUHNUHHGGNHUCHGPUNUUHNHHH
Q93I54v2_A2_ser	RW-TFDVSVWEWHFFASGEINLYGPTEATIDVSY	EH-UHNHUHHNHEHHHUGNHUHHGPUNHUHNHUH
Q8KLL5_A1_hpg|hpg2cl	L--TFDISLFEVHLLTGGDRHLYGPTETTLCATW	H--UHNHUHHNHEHHUGGNEEHHGPUNUUHCHUH
Q70AZ9a_A1_hpg|hpg2cl	L--AFDASLFEVHLLTGGDRHLYGPTETTLCATW	H--HHNHUHHNHEHHUGGNEEHHGPUNUUHCHUH
O85168_A2_ser	RW-TFDVSVWELHFLCSGEHNLYGPTEAAIDVTA	EH-UHNHUHHNHEHHCUGNEUHHGPUNHHHNHUH
BGC0000369_AHZ20781-1_1540_mod2_thr	LA-HFDFSVWEGNQIFGGEINMYGITETTVHVTY	HH-EHNHUHHNGUUHHGGNHUHHGHUNUUHEHUH
Q8Z8L1_A1_dhb|sal	S--IYAMSSPGGALQVGGAGQVFGMAEGLVNYTR	U--HHHHUUPGGHHUHGGHGUHHGHHNGHHUHUE
O33743_A_blys	V-LH-DTSLEEPILVIGGELNTYGSTETALVTHA	H-HE-NUUHNNPHHHHGGNHUUHGUUNUHHHUEH
Q50E73_A6-11-_ser	RW-TFDVSVWEWHFICSGEHNLYGPTEAAVDVTH	EH-UHNHUHHNHEHHCUGNEUHHGPUNHHHNHUE
Q9RAH4_A3_pro|me-pro	LW-AFDVSFQETFLITAGEHNHYGPSESHLATSF	HH-HHNHUHUNUHHHUHGNEUEHGPUNUEHHUUH
P0C063_A2_val	L--QFDALTFEGWLIVGGDWNGYGPTENTTFSTC	H--UHNHHUHNGHHHHGGNHUGHGPUNUUUHUUC
BGC0000398_AFH75329-1_566_mod1_thr	LA-AFDFSVWEGNQIFGGEVNMYGITETTVHVTY	HH-HHNHUHHNGUUHHGGNHUHHGHUNUUHEHUH
Q9I157_A1-2-_glu	RW-KFDVSVWEWHFFSGGEHNRYGPTETAINVTH	EH-EHNHUHHNHEHHUGGNEUEHGPUNUHHUHUE
Q01886v2_A1_pro	A--SFDISIADTVLIFTGEYNVYGPAENTLITTA	H--UHNHUHHNUHHHHUGNHUHHGPHNUUHHUUH
AEC14348-1_1108_mod1_phe	LN-AFDSSVIESILVLGGSFNGYGPTEYSVCTSF	HU-HHNUUHHNUHHHHGGUHUGHGPUNHUHCUUH
Q84BQ4_A4-10-_ile	LG-AFDASTMDGFVLCGGEVHCYGPTETTTYATT	HG-HHNHUUHNGHHHCGGNHECHGPUNUUUHHUU
AFZ61525-1_2683_mod3_leu	LW-TFDAMAWEPFLLIGGDINNYGPTEATVVATS	HH-UHNHHHHNPHHHHGGNHUUHGPUNHUHHHUU
CCJ67640-1_2746_mod3_leu	LW-SFDAMAWEPFLLIGGDVNNYGPTEATVVATS	HH-UHNHHHHNPHHHHGGNHUUHGPUNHUHHHUU
CCJ67640-1_566_mod1_dhabu	LA-HFDFSVWEGNQIFGGEVNMYGITETTVHVTY	HH-EHNHUHHNGUUHHGGNHUHHGHUNUUHEHUH
BGC0000464_CDG17980-1_7025_mod7_leu	L--IFDASTWEAWLLVGGEINGYGPTETTTFAAT	H--HHNHUUHNHHHHHGGNHUGHGPUNUUUHHHU
BGC0001166_AGQ43600-1_2990_mod3_d-ala	L--SFDLSILEAFLFAGGEVNSYGPTEACVLVTA	H--UHNHUHHNHHHHHGGNHUUHGPUNHCHHHUH
AHZ20774-1_3047_mod3_gly	FS-AFDIAGLELQALCGGEWNVYGPTETTIWSAM	HU-HHNHHGHNHUHHCGGNHUHHGPUNUUHHUHH
ADL64235_433_mod1_val	L--LFDAATFEGWLLIGGEINGYGPTENTTFTTT	H--HHNHHUHNGHHHHGGNHUGHGPUNUUUHUUU
O76858_A1_b-ala	RW-VFVDSIAEGVLVCSGEYNFYGSTEVLGDVTY	EH-HHHNUHHNGHHHCUGNHUHHGUUNHHGNHUH
BGC0000464_CDG17982-1_1657_mod2_b-ala	N--SFVDSITEGVVVCSGELNFYGSSEVNGDATW	U--UHHNUHUNGHHHCUGNHUHHGUUNHUGNHUH
P19787_A1_aad	S--FFEPFVRQMNGLV-GEKNEYGFTESAFVTAL	U--HHNPHHEUHUGHH-GNEUNHGHUNUHHHUHH
EFE73312-1_1526_mod2_thr	LG-FFS--VWEGNQVFGGEVNMYGITETTVHVSY	HG-HHU--HHNGUUHHGGNHUHHGHUNUUHEHUH
simA_mod9_val	Q--AFDLSIGEGYLLFAGELNGWGPAETCCFSTL	U--HHNHUHGNGHHHHHGNHUGHGPHNUCCHUUH
Q70LM7_A1_val	FW-SFDGSALDTYLITGGDYNGYGPTECTIMVTM	HH-UHNGUHHNUHHHUGGNHUGHGPUNCUHHHUH
Q9S1A7_A1-10-_arg	TY-TFDVSVWELTCIVGGEYNAYGPTEVAVETTI	UH-UHNHUHHNHUCHHGGNHUHHGPUNHHHNUUH
BGC0001035_EPE34341-1_685_mod1_4oh-5oh-hty	L--QFDVSLCDSELTLAGEFNSYGPTECSIVANS	H--UHNHUHCNUNHUHHGNHUUHGPUNCUHHHUU
Q8NJX1_A16_abu|iva	Q--VFDLCLGELFLLLAGEWNGWGPAETCLFSSL	U--HHNHCHGNHHHHHHGNHUGHGPHNUCHHUUH
Q9R9J0_A3_gln	L--AFDASVQQADGLIGGETNVYGPTETCVDASL	H--HHNHUHUUHNGHHGGNUUHHGPUNUCHNHUH
BGC0001035_EPE34341-1_2860_mod3_3oh-pro|3oh-4me-pro	S-TTFDVSISDASLT--GEYDTYGPSEGSVCTCL	U-UUHNHUHUNHUHU--GNHNUHGPUNGUHCUCH
BGC0000371_BAH33409-1_2360_mod2_gly	F--AFDIAALECQALVGGEANVYGPTEATVWATS	H--HHNHHHHNCUHHHGGNHUHHGPUNHUHHHUU
Q9R9I9_A2_asn	YW-FFDLTVTSTKLIVGGDFNEYGPTETVVGCMI	HH-HHNHUHUUUEHHHGGNHUNHGPUNUHHGCHH
O68007_A2-7-_orn	HW-QFDVFAGDRESIMGSDINSYGVTEASVDSGY	EH-UHNHHHGNENUHHGUNHUUHGHUNHUHNUGH
Q9RLP6v2_A3_ala	LA-HFDVSVWEGCQIVAGEVNAYGPTEATIYAAM	HH-EHNHUHHNGCUHHHGNHUHHGPUNHUHHHHH
Q8KLL5_A3-6-_bht	L--AFDAAISEMTVVVAGEINGYGPTETTVCVTM	H--HHNHHHUNHUHHHHGNHUGHGPUNUUHCHUH
simA_mod3_leu	T--SFDVGILDVMLVLGGEHGLYGPAEASVCALA	U--UHNHGHHNHHHHHGGNEGHHGPHNHUHCHHH
Q2XNF8_A2-3-_ala	RW-TFDVSVWEWHFICSGEHNLYGPTEAAIEATA	EH-UHNHUHHNHEHHCUGNEUHHGPUNHHHNHUH
Q93N88_A1-3-_hpg|hpg2cl	L--HFDISLFEVHVLTGGDRHLYGPTEVSLCATW	H--EHNHUHHNHEHHUGGNEEHHGPUNHUHCHUH
P27743_A1_aad	SS-AFEPHLRQINALV-GEANEYAFTEAAFVTAV	UU-HHNPEHEUHUHHH-GNHUNHHHUNHHHHUHH
AHF21228-1_474_mod1_val	L--QFDASTFEGWLLVGGDINGYGPTENTTFSTT	H--UHNHUUHNGHHHHGGNHUGHGPUNUUUHUUU
Q2VQ15_A1-4-_ile	T--SFDGSTFEGFMLFGGEINVYGPTETTVYATY	U--UHNGUUHNGHHHHGGNHUHHGPUNUUHHHUH
BGC0000423_CBG75492-1_1712_mod2_ser	RW-TFDVSVWEWHFLSSGEVNLYGPTEAAVDVTY	EH-UHNHUHHNHEHHUUGNHUHHGPUNHHHNHUH
O85168_A3_dab	YD-NFDLSVEEPHLLINGDINTYGPTEATVSCAA	HN-UHNHUHNNPEHHHUGNHUUHGPUNHUHUCHH
Q8CV01_A1_dhb|sal	S--LFTMSSPGGSLIVGGAHQVFGMAEGLVNYTR	U--HHUHUUPGGUHHHGGHEUHHGHHNGHHUHUE
AHH53507-1_2589_mod3_ala	LW-AFDVSVFEGSAVLAGEANVYGPTEATVYAAR	HH-HHNHUHHNGUHHHHGNHUHHGPUNHUHHHHE
AEA30272-1_3675_mod4_gly	FD-AFDIAALEVQALVGGERNMYGPTETTVWSTT	HN-HHNHHHHNHUHHHGGNEUHHGPUNUUHHUUU
Q9FB27_A2_his	L--SFDSSVAGWLAIAAGEFNEYGPTETTVWSTV	H--UHNUUHHGHHHHHHGNHUNHGPUNUUHHUUH
Q8NJX1_A3_ala	SD-LFDVSVGELFLVLAGEVNGWGPAETCVLSAI	UN-HHNHUHGNHHHHHHGNHUGHGPHNUCHHUHH
CBG75492_240_mod1_nme-fhorn	L-TAFDVAFWDLILLLAGTFNAYGPTEATTNSTL	H-UHHNHHHHNHHHHHHGUHUHHGPUNHUUUUUH
BGC0001125_AIW82285-1_488_mod1_thr	LA-HFDFSVWEGNQIFGGEVNMYGITETTVHVTF	HH-EHNHUHHNGUUHHGGNHUHHGHUNUUHEHUH
AFZ61525-1_558_mod1_athr	LA-HFDFSVWEGNQIFGGEVNMYGITETTVHVTY	HH-EHNHUHHNGUUHHGGNHUHHGHUNUUHEHUH
BGC0000314_WP_010369428-1_544_mod1_val	L--HFDAATFETWLLTGGEINAYGPTESTTFTTF	H--EHNHHUHNUHHHUGGNHUHHGPUNUUUHUUH
BGC0000463_AGM14933-1_5818_mod6_ser	LG-AFDASTLEAWLMVGGDLNGYGPTEATTFSTT	HG-HHNHUUHNHHHHHGGNHUGHGPUNHUUHUUU
Q939Y2_A1-8-_bht|tyr	L--AFDAAVAEPTLLVAGEINAYGPTEATVAVTS	H--HHNHHHHNPUHHHHGNHUHHGPUNHUHHHUU
Q93N89_A2_trp	L--VFDVSMADPVMLVGGDHNEYGVTEATVVSTT	H--HHNHUHHNPHHHHGGNEUNHGHUNHUHHUUU
Q9L8H4_A2-5-_gly	FA-AFDIAALEHQGLVGGEVNLYGPTETTIWSTA	HH-HHNHHHHNEUGHHGGNHUHHGPUNUUHHUUH
BGC0000400_AGM16414-1_1316_mod2_lys	SW-AFDVFSGDRDVVVGADVNSYGVTETTIDSCY	UH-HHNHHUGNENHHHGHNHUUHGHUNUUHNUCH
Q9Z4X5_A2_gly	F--AFDIAGLELQALVGGETNLYGPTEATIWATA	H--HHNHHGHNHUHHHGGNUUHHGPUNHUHHHUH
Q5MD35_A1_cys	TD-SFDLSVYDGNSMMSGDISLGGATEGSVWSIL	UN-UHNHUHHNGUUHHUGNHUHGGHUNGUHHUHH
Q70LM6_A4-6-_val	L--QFDAATFEGWLLVGGDINGYGPTENTTFTCC	H--UHNHHUHNGHHHHGGNHUGHGPUNUUUHUCC
Q5DIS7_A1_ser	RW-TFDVSVWEWHFVCSGEYNLYGPTEAAIDVTH	EH-UHNHUHHNHEHHCUGNHUHHGPUNHHHNHUE
O30408_A3-4-_phe	L-VAFDASVWDGTLITAGSVNGYGPTESTVCATL	H-HHHNHUHHNGUHHUHGUHUGHGPUNUUHCHUH
Q70JX1_A2_orn	AWEAFDVFSGDRESVLGSDINSYGVTEATIDSSY	HHNHHNHHUGNENUHHGUNHUUHGHUNHUHNUUH
BGC0000426_AGZ03650-1_37_mod1_phe	L-VAFDASVWEMTLITAGSYNAYGPTETSICATN	H-HHHNHUHHNHUHHUHGUHUHHGPUNUUHCHUU
Q939Z1_A3_asn	Y-HSFDLTVTATKALLGGEVNEYGPTEATVGCVE	H-EUHNHUHUHUEHHHGGNHUNHGPUNHUHGCHN
O94205_A3_pro	AY-SWDIPVTEVLWVFAGEVQGYGPAECSLISTV	HH-UHNHPHUNHHHHHHGNHUGHGPHNCUHHUUH
Q83VS1_A1-6-_ala	FW-TFDLAVYEANTNVAGECNLYGPSETTTYSSW	HH-UHNHHHHNHUUUHHGNCUHHGPUNUUUHUUH
BGC0000400_AGM16413-1_2831_mod3_ser	RW-QFDVSVWEWHFFASGEINLYGPTEATVDVTY	EH-UHNHUHHNHEHHHUGNHUHHGPUNHUHNHUH
BGC0000449_AHF21229-1_2929_mod3_ala	L--QFDVSTFEGWLLVGGDINGYGPTENTTFSTT	H--UHNHUUHNGHHHHGGNHUGHGPUNUUUHUUU
O33743_A2-6-_gln	HW-TFDASVWELQMFCGGEINLYGPTETTIDATY	EH-UHNHUHHNHUHHCGGNHUHHGPUNUUHNHUH
Q5DIV7_A2_arg	HA-AFDAAAEQVDLILGGEFNAYGPTEAVITPLA	EH-HHNHHHNUHNHHHGGNHUHHGPUNHHHUPHH
CBG75492_4248_mod4_orn	LR-DFSFDSWELDVAVGGEHDLYGPTESAVDAYG	HE-NHUHNUHNHNHHHGGNENHHGPUNUHHNHHG
AFZ61526-1_1614_mod2_ser	RW-TFDVSVWEWHFMCSGEHNLYGPTEAAVDVTA	EH-UHNHUHHNHEHHCUGNEUHHGPUNHHHNHUH
AGC65514-1_530_mod1_val	L--DFDAATLEAWLLSGGEINGYGPTENTTFTCI	H--NHNHHUHNHHHHUGGNHUGHGPUNUUUHUCH
BGC0000371_BAH33409-1_494_mod1_arg	L-HTFDAS-LDLDTVVGGEPNLYGPTETTVDAIA	H-EUHNHU-HNHNUHHGGNPUHHGPUNUUHNHHH
Q9C1G0v2_A3_val	S--SFDFSLEQLSGTAAGEKNAYGITETSVYNIV	U--UHNHUHNUHUGUHHGNEUHHGHUNUUHHUHH
EPE34341-1_685_mod1_4oh-5oh-orn	L--QFDVSLCDSELTLAGEFNSYGPTECSIVANS	H--UHNHUHCNUNHUHHGNHUUHGPUNCUHHHUU
BGC0000974_AIR74925-1_516_mod1_gly	FS-AFDIAGLELQGLCGGEWNMYGPTETTIWSAA	HU-HHNHHGHNHUGHCGGNHUHHGPUNUUHHUHH
Q8NJX1_A4_val	Q--AFDMSVGEPFFLIGGEINGWGPVETCVCSSW	U--HHNHUHGNPHHHHGGNHUGHGPHNUCHCUUH
BGC0001133_XBJ1_0775_477_mod1_thr	L-IHFDFSVWEGNQIFGGDVNMYGITETTVHVTY	H-HEHNHUHHNGUUHHGGNHUHHGHUNUUHEHUH
P45745_A2-3-_athr|thr	LA-HFDFSVWEGNQIFGGEINMYGITETTVHVSY	HH-EHNHUHHNGUUHHGGNHUHHGHUNUUHEHUH
AFZ61525-1_1627_mod2_val	LG-AFDASTLDAWMIVGGDLNGYGPTEATTFSTT	HG-HHNHUUHNHHHHHGGNHUGHGPUNHUUHUUU
Q2XNF8_A3-4-_arg	LA-SFDASVEEASLVMGGELNAYGPTETTVDATL	HH-UHNHUHNNHUHHHGGNHUHHGPUNUUHNHUH
simA_mod2_leu	L--AFDACIPEGVVTCG-EINAYGPTEVCVCCAM	H--HHNHCHPNGHHUCG-NHUHHGPUNHCHCCHH
Q8NJX1_A12_abu|iva	Q--AFDLSIGEAYLLLAGEINGWGPAETCVFSTL	U--HHNHUHGNHHHHHHGNHUGHGPHNUCHHUUH
O85168_A6_phe	L--SFDASTPEGISMCGGEFNGYGPTEGTTCATS	H--UHNHUUPNGHUHCGGNHUGHGPUNGUUCHUU
AHH53508-1_1559_mod2_kyn	LA-VFDASIWDTTLTLTGDLNGYGPTEATVAATY	HH-HHNHUHHNUUHUHUGNHUGHGPUNHUHHHUH
BGC0000371_BAH31686-1_3493_mod3_horn	M--HFDMS-WELNVLLGGEYNLYGPTEYTINTLG	H--EHNHU-HNHUHHHGGNHUHHGPUNHUHUUHG
BGC0000449_AHF21229-1_1387_mod2_ile	L--GFDASTFEGFMLVGGDRNIYGPTENTTFSTI	H--GHNHUUHNGHHHHGGNEUHHGPUNUUUHUUH
AGZ15459-1_694_mod1_pip	GD-AFDVSVFETSAILAGEVNAYGQTESFYAATF	GN-HHNHUHHNUUHHHHGNHUHHGUUNUHHHHUH
Q83VS1_A2-7-_val	LG-AFDASTLDAWMIVGGDLNGYGPTEATTFSAT	HG-HHNHUUHNHHHHHGGNHUGHGPUNHUUHUHU
BGC0001019_AHB82069-1_1590_mod1_asn	YW-AFDATLTSPKLILGGEFNEYGPTEAVVGCAL	HH-HHNHUHUUPEHHHGGNHUNHGPUNHHHGCHH
Q6DNE7_A1-4-_cys	TD-AFDLSVYDGNSMLSGDSNVMGATEASIWSIG	UN-HHNHUHHNGUUHHUGNUUHHGHUNHUHHUHG
BAH22763-1_488_mod1_thr	LA-HFDFSVWEGNQIFGGEVNMYGITETTVHVTY	HH-EHNHUHHNGUUHHGGNHUHHGHUNUUHEHUH
AEI70245-1_1510_mod2_thr	LS-HFDFSVWEGNQVFGGEINMYGITETTVHVSY	HU-EHNHUHHNGUUHHGGNHUHHGHUNUUHEHUH
BGC0001178_AGS77309-1_471_mod1_hpg	L--MFDISLFEVHLLTGGDRHLYGPTEATLCATW	H--HHNHUHHNHEHHUGGNEEHHGPUNHUHCHUH
BGC0000431_EFE73312-1_1526_mod2_ser	LG-FFS--VWEGNQVFGGEVNMYGITETTVHVSY	HG-HHU--HHNGUUHHGGNHUHHGHUNUUHEHUH
Q45R85_A4_thr	LA-SFS--VWEGSQVFGGEVNMYGITETTVHVTH	HH-UHU--HHNGUUHHGGNHUHHGHUNUUHEHUE
YP_003712465-1_557_mod1_val	LQ-AFDAAILEMVLLLAGEFNVYGPTECTSIITC	HU-HHNHHHHNHHHHHHGNHUHHGPUNCUUHHUC
Q83VS1_A3-8-_val	LG-AFDASTLDAWMIVGGDLNGYGPTEATTFSAT	HG-HHNHUUHNHHHHHGGNHUGHGPUNHUUHUHU
AFZ61526-1_2645_mod3_ile	LG-AFDASTMDGFVLCGGEVHCYGPTETTTYATT	HG-HHNHUUHNGHHHCGGNHECHGPUNUUUHHUU
Q8GAQ3_A1-3-_phe	L--AFDASIWEMTLVVAGEVNAYGPTESTVCATM	H--HHNHUHHNHUHHHHGNHUHHGPUNUUHCHUH
AGC65514-1_1579_mod2_ser	RW-TFDVSVWEWHFFASGEHNLYGPTEATVDVTW	EH-UHNHUHHNHEHHHUGNEUHHGPUNHUHNHUH
BGC0000426_AGZ03651-1_1997_mod2_trp	SW-LFDAFVLNGAAVVGGELNQYGPTENSVVSTY	UH-HHNHHHHUGHHHHGGNHUUHGPUNUUHHUUH
ZP_10287803-1_467_mod1_d-thr	LE-HFDFSVWEGNQIFGGDVNMYGITETTVHVTY	HN-EHNHUHHNGUUHHGGNHUHHGHUNUUHEHUH
Q70LM4_A1-13-_trp	LA-TFDVSVSEMSMIVGGEFNCYGPTEATVCSTM	HH-UHNHUHUNHUHHHGGNHUCHGPUNHUHCUUH
CCJ67639-1_1691_mod2_leu	LW-SFDAMAWEPFLLIGGDVNNYGPTEATVVATS	HH-UHNHHHHNPHHHHGGNHUUHGPUNHUHHHUU
Q83Y48_A1_lys	L--AFDVFMSDREFTCGADVSVYGVTEATCESAT	H--HHNHHHUNENHUCGHNHUHHGHUNHUCNUHU
NP_216896-3_457_mod1_lys	YW-AFDVSIAEGHFLIGGEHNFYGPTETVINASR	HH-HHNHUHHNGEHHHGGNEUHHGPUNUHHUHUE
BGC0001125_AIW82284-1_1365_mod2_asn	YW-AFDATITSSKLVIGGEINEYGPTETVVGCCI	HH-HHNHUHUUUEHHHGGNHUNHGPUNUHHGCCH
Q9F638/11127897_A_dhb	S--LFPLSSPGGALQVGGAGQVYGMAEGLVNYTR	U--HHPHUUPGGHHUHGGHGUHHGHHNGHHUHUE
P29698_A1-2-_ser	RW-QFDVSVWEWHFFCSGEHNLYGPTEAAVDVSW	EH-UHNHUHHNHEHHCUGNEUHHGPUNHHHNHUH
BGC0000431_EFE73313-1_2638_mod3_gly	FA-TFDIHVLELQALVGGETNLYGPTEATVWATT	HH-UHNHEHHNHUHHHGGNUUHHGPUNHUHHHUU
CCJ67639-1_619_mod1_d-gln	HW-TFDASVWETQFFSGGEVNLYGPTEATIDSTS	EH-UHNHUHHNUUHHUGGNHUHHGPUNHUHNUUU
Q09164/440169_A11_ala	L--TFDVSLFEAIFYVAGDYNAYGPTENAILSTI	H--UHNHUHHNHHHHHHGNHUHHGPUNUHHHUUH
CCJ67636-1_1568_mod2_d-pro	LW-AFDVAFQESFLITAGEHNHYGPTESHVTTAL	HH-HHNHHHUNUHHHUHGNEUEHGPUNUEHUUHH
BGC0001035_EPE34341-1_3930_mod4_4oh-5oh-orn	SG-NFDGTIEDTAMVLGGEFNCYGPSECSIFSAA	UG-UHNGUHNNUHHHHGGNHUCHGPUNCUHHUHH
BGC0001036_AGZ15455-1_29_mod1_ala|leu|val	LW-SFDLSQRSMHCLFGGELHQYGVAECTDVASS	HH-UHNHUUEUHECHHGGNHEUHGHHNCUNHHUU
ZP_10287804-1_2037_mod2_asn	Y-ASFDLSATTCKTMLGGENDEYGPTEATVGAML	H-HUHNHUHUUCEUHHGGNUNNHGPUNHUHGHHH
Q70K00_A1_ser	RW-QFDVSVWEWHFFASGEINLYGPTEATIDVSY	EH-UHNHUHHNHEHHHUGNHUHHGPUNHUHNHUH
Q70KJ6_A2-5-_asp	YW--FDLGYTAPKLVLGGEINHYGPTETTIGAIA	HH--HNHGHUHPEHHHGGNHUEHGPUNUUHGHHH
Q5J1Q7_A3_hpg|hpg2cl	QW-QFDISLWEHHLVCGGELNTYGPTEASIIVTW	UH-UHNHUHHNEEHHCGGNHUUHGPUNHUHHHUH
XP_001220460-1_3743_mod1_trp	R--TFDISLFQLAALCGGEVNDYGPAEATFRCTT	E--UHNHUHHUHHHHCGGNHUNHGPHNHUHECUU
Q8KLL4v2_A1_dpg	L--HFDASLYDVNFLAGGDWHTYGPTETTLCATW	H--EHNHUHHNHUHHHGGNHEUHGPUNUUHCHUH
P27743_A3_val	FS-AFDFSVEQLSGLVAGEANAYGTTETTVYNTV	HU-HHNHUHNUHUGHHHGNHUHHGUUNUUHHUUH
BGC0000371_BAH31686-1_483_mod1_fhorn	RW-AFDISINELYLWCGGEYHGYGPAEATIGVSH	EH-HHNHUHUNHHHHCGGNHEGHGPHNHUHGHUE
BGC0001166_AGQ43600-1_4142_mod4_aeo	L--NFDVMLLDGLLCLTGEIAGYGPTETCIMSAS	H--UHNHHHHNGHHCHUGNHHGHGPUNUCHHUHU
O85739_A1_cys	TA-AFDLSVFDGNSLLSGDAELHGATEAGIWSNL	UH-HHNHUHHNGUUHHUGNHNHEGHUNHGHHUUH
Q5V8A8_A2_trp	M-TSFDGVVWESVLIVSGEINGYGPTETTVCATL	H-UUHNGHHHNUHHHHUGNHUGHGPUNUUHCHUH
Q70AZ7_A2-5-_hpg|hpg2cl	L--AFDASLLEVHLLTGGDRHLYGPTETTLCATW	H--HHNHUHHNHEHHUGGNEEHHGPUNUUHCHUH
BGC0001178_AGS77307-1_1045_mod2_tyr	LA-AFDAVVSEMTVVVAGEVNAYGPTEATVCAAM	HH-HHNHHHUNHUHHHHGNHUHHGPUNHUHCHHH
Q45R83_A4-11-_asn	F--LFDLTVTTTKVVVGGEFNDYGPTEATVSCAD	H--HHNHUHUUUEHHHGGNHUNHGPUNHUHUCHN
Q84BQ4_A3-9-_ile	LG-AFDASTMDGFVLCGGEVHCYGPTETTTYATT	HG-HHNHUUHNGHHHCGGNHECHGPUNUUUHHUU
P94460_A1_ile	L--MFDAVTFEGFLYVGGEHNIYGPTENTTFSTF	H--HHNHHUHNGHHHHGGNEUHHGPUNUUUHUUH
EFE73312-1_2615_mod3_ser	RW-TFDVSVWEWHFVCSGEENLYGPTEASVDVTA	EH-UHNHUHHNHEHHCUGNNUHHGPUNHUHNHUH
BGC0000400_AGM16414-1_2358_mod3_ile	V--SFDGSTFDGFILFGGEIHVYGPTESTVFATC	H--UHNGUUHNGHHHHGGNHEHHGPUNUUHHHUC
P0C062_A1-1-_phe	LF-AFDASVWEMTLITAGSINAYGPTETTICATT	HH-HHNHUHHNHUHHUHGUHUHHGPUNUUHCHUU
AGC65516-1_1081_mod1_val	L--QFDAICLEAWVITGGELNGYGPTENGTFTTT	H--UHNHHCHNHHHHUGGNHUGHGPUNUGUHUUU
Q70KJ7_A2_leu	T--SFDAFMFDGMIMFGGELHMYGPSESTVFATY	U--UHNHHHHNGHHHHGGNHEHHGPUNUUHHHUH
YP_631961-1_1173_mod1_ser	RW-TFDVSVWEWHFVCSGEHNLYGPTEAAVDVTY	EH-UHNHUHHNHEHHCUGNEUHHGPUNHHHNHUH
Q70JX1_A1_glu	FG-LFDASIWQWHFFAGGEIHGYGPTEATVDAAF	HG-HHNHUHHUHEHHHGGNHEGHGPUNHUHNHHH
O07944_A1_pro	LW-TFDVAAQEAYAAQAGEHNHYGPAETHVGTAL	HH-UHNHHHUNHHHHUHGNEUEHGPHNUEHGUHH
Q8NJX1_A10_ser	Q--SFDVSVGEQYLLLAGEINAWGPAETCVYNTL	U--UHNHUHGNUHHHHHGNHUHHGPHNUCHHUUH
EFE73313-1_1569_mod2_met	FG-AFDVSVFETELVSTGGWNGYGPTETTVAITL	HG-HHNHUHHNUNHHUUGGHUGHGPUNUUHHHUH
BGC0000439_AHH53507-1_2589_mod3_ala	LW-AFDVSVFEGSAVLAGEANVYGPTEATVYAAR	HH-HHNHUHHNGUHHHHGNHUHHGPUNHUHHHHE
P94459_A1_pro	LFTAFDVCYQESFLIAAGEHNHYGPSETHVVSTY	HHUHHNHCHUNUHHHHHGNEUEHGPUNUEHHUUH
Q70C44_A1_asn	YW-AFDLTVTSVKLIVGGEYNEYGPTETVVGCAI	HH-HHNHUHUUHEHHHGGNHUNHGPUNUHHGCHH
AEA30274-1_3073_mod3_boh-d-leu	FS-SFDASVLEMLIVVGGDVNAYGPTEATVAVTS	HU-UHNHUHHNHHHHHGGNHUHHGPUNHUHHHUU
BGC0001132_xnc1_2022_77_mod1_val	L--AFDASTFETWLIIGGDLNGYGPTEGTTFTTT	H--HHNHUUHNUHHHHGGNHUGHGPUNGUUHUUU
AHF21228-1_9291_mod7_dab	TY-QFDVFVGDRESITSSDINSYGVTEAAIDSSF	UH-UHNHHHGNENUHUUUNHUUHGHUNHHHNUUH
O87314_A3_orn	M--HFDMS-WEFNVLLGGEYNLYGPTEYTINTLG	H--EHNHU-HNHUHHHGGNHUHHGPUNHUHUUHG
NP_216895-1_486_mod1_lys	Y--HFDAA-WQVDTALGGEANCYGPTETTVEAVV	H--EHNHH-HUHNUHHGGNHUCHGPUNUUHNHHH
Q93I54v1_A2_ser	RW-TFDVSVWEWHFFASGEINLYGPTEATIDVSY	EH-UHNHUHHNHEHHHUGNHUHHGPUNHUHNHUH
BGC0000335_AID65224-1_1515_mod2_phe	TE-AFDAALLEMILVTAGEINAYGPAECSVCVSM	UN-HHNHHHHNHHHHUHGNHUHHGPHNCUHCHUH
O94205_A2_phe	A--CFDLLIVELGSMQAGERNAYGPAECSVGALA	H--CHNHHHHNHGUHUHGNEUHHGPHNCUHGHHH
Q9Z4X6_A1_ser	RW-TFDVSVWEWHFFCSGEVNLYGPTEAAVDVTY	EH-UHNHUHHNHEHHCUGNHUHHGPUNHHHNHUH
BGC0000449_AHF21228-1_2025_mod2_dab	TY-QFDVFVGDRESITSSDINSYGVTEAAIDSSF	UH-UHNHHHGNENUHUUUNHUUHGHUNHHHNUUH
Q83VS0_A4-14-_dhab|dht	LA-HFDFSVWEGNQIFGGEVNMYGITETTVHVTY	HH-EHNHUHHNGUUHHGGNHUHHGHUNUUHEHUH
Q9RBY6_A1_thr	LS-HFDFSVWEGLMALRGAINMYGITEATVHTTF	HU-EHNHUHHNGHHHHEGHHUHHGHUNHUHEUUH
Q93I55_A4_pro	L--QFDVCYQESFLIAAGEHNHYGPSETHVVTMY	H--UHNHCHUNUHHHHHGNEUEHGPUNUEHHUHH
Q45R82_A2-13-_ile|val	LA-AFDGAVLEMFIVVGGELNIYGPTETTAVTTS	HH-HHNGHHHNHHHHHGGNHUHHGPUNUUHHUUU
AGZ15476-1_490_mod1_3oh-leu	L--HFDTFALEVWLWTGGDVTGHGPTETTGFAAG	H--EHNUHHHNHHHHUGGNHUGEGPUNUUGHHHG
CCJ67637-1_1654_mod2_d-val	LG-AFDASTLDAWMIVGGDLNGYGPTEATTFSTT	HG-HHNHUUHNHHHHHGGNHUGHGPUNHUUHUUU
BGC0000464_CDG17981-1_533_mod1_leu	L--HFDAATWESFLLFGGELHMYGPAETTTFATA	H--EHNHHUHNUHHHHGGNHEHHGPHNUUUHHUH
O30981_A2-6-_ala|val	L--SFDVVTFEGWLIIGGEWNGYGPTENTTFSTC	H--UHNHHUHNGHHHHGGNHUGHGPUNUUUHUUC
Q6WZB2_A2-3-_ser	Y-TSFDVSVREWHFMTSGEGNMYGPTETTVEMTD	H-UUHNHUHENHEHHUUGNGUHHGPUNUUHNHUN
Q70LM5_A4-10-_leu	LW-QFDASVWEPFLLTGGDANQYGPTENAVVATA	HH-UHNHUHHNPHHHUGGNHUUHGPUNUHHHHUH
Q9Z4X6_A2_athr|thr	LA-HFDFSVWEGNQVFGGEVNMYGITETTVHVSH	HH-EHNHUHHNGUUHHGGNHUHHGHUNUUHEHUE
BGC0000425_AFH75320-1_5859_mod6_d-gln	HW-QFDASVWETQFFSGGEVNLYGPTEATIDSTS	EH-UHNHUHHNUUHHUGGNHUHHGPUNHUHNUUU
AHZ20773-1_2017_mod2_tyr	L--AFDAAVSEMTLIVAGEFNAYGPTEATVCASL	H--HHNHHHUNHUHHHHGNHUHHGPUNHUHCHUH
BGC0000400_AGM16412-1_4054_mod4_orn	IW-AFDVFSGDRESIVGSDLNSYGVTEACVDACY	HH-HHNHHUGNENUHHGUNHUUHGHUNHCHNHCH
AFZ61501-1_498_mod1_leu	LW-AFDAMAWEPFLLIGGDINNYGPTEATVVATS	HH-HHNHHHHNPHHHHGGNHUUHGPUNHUHHHUU
O52821_A1-7-_dpg	L--MFDPSLYAVHLEIGGDRNTYGPTETTLCATW	H--HHNPUHHHHEHNHGGNEUUHGPUNUUHCHUH
Q70AZ9b_A1_hpg|hpg2cl	L--AFDASLFEVHLLTGGDRHLYGPTETTLCATW	H--HHNHUHHNHEHHUGGNEEHHGPUNUUHCHUH
Q50E73_A5-10-_gly	FD-SFDIAALEVQAVVGGETNMYGPTETTIWSTS	HN-UHNHHHHNHUHHHGGNUUHHGPUNUUHHUUU
BGC0001125_AIW82282-1_2490_mod1_val	L--LFDASTFEGWLLAGGDINGYGPTENTTFTCC	H--HHNHUUHNGHHHHGGNHUGHGPUNUUUHUCC
P39581_A1_ala	FWINFDLSVMDPTSFCG-EFNTYGPTEATVAVTS	HHHUHNHUHHNPUUHCG-NHUUHGPUNHUHHHUU
AEC14346-1_19_mod1_thr	LG-HFDFSVWEGCTIFGGEINMYGITETTVHVTY	HG-EHNHUHHNGCUHHGGNHUHHGHUNUUHEHUH
BGC0001125_AIW82277-1_2006_mod2_pro	LW-AFDVSFQETFLMTAGEHNQYGPSETHVVTAF	HH-HHNHUHUNUHHHUHGNEUUHGPUNUEHHUHH
Q8KLL4v1_A1_dpg	L--HFDASLYDVNFLAGGDWHTYGPTETTLCATW	H--EHNHUHHNHUHHHGGNHEUHGPUNUUHCHUH
Q6YK40_A3_pro	LDTAFDVCYQESFFITAGEHNHYGPSETHVVSTY	HNUHHNHCHUNUHHHUHGNEUEHGPUNUEHHUUH
BGC0000398_AFH75329-1_3793_mod4_ser	RW-TFDVSVWEWHFMCSGEHNLYGPTEAAVDVTA	EH-UHNHUHHNHEHHCUGNEUHHGPUNHHHNHUH
O33743_A3-7-_tyr	NW-LFDAFVLSTTGTLGGEVNEYGPTESSVVATW	UH-HHNHHHHUUUGUHGGNHUNHGPUNUUHHHUH
O30980_A1_pro	LFTAFDVCYQESVSITAGEHNHYGPSETHVVSAY	HHUHHNHCHUNUHUHUHGNEUEHGPUNUEHHUHH
EFE73313-1_2638_mod3_gly	FA-TFDIHVLELQALVGGETNLYGPTEATVWATT	HH-UHNHEHHNHUHHHGGNUUHHGPUNHUHHHUU
Q45R85_A2_glu	F--SFDLTVVTGKAVLAGELNSYGPTETTVNCLE	H--UHNHUHHUGEHHHHGNHUUHGPUNUUHUCHN
BGC0000423_CBG75492-1_5304_mod5_horn	LR-VFDAS-WQLEVVVGGEFNLYGPTESTVDALV	HE-HHNHU-HUHNHHHGGNHUHHGPUNUUHNHHH
removed_A1-2-_athr|thr	LA-HFDFSVWEGNQVFGGEVNMYGITETTVHVTH	HH-EHNHUHHNGUUHHGGNHUHHGHUNUUHEHUE
Q5DIP4_A1-4-_gly	FS-SFDIFGLEVQALCGGEWNLYGPTETTIWSAR	HU-UHNHHGHNHUHHCGGNHUHHGPUNUUHHUHE
EWS95124_9_mod1_gly	L--TFDISNLELQALVGGETNVYGPTETTIWSTA	H--UHNHUUHNHUHHHGGNUUHHGPUNUUHHUUH
Q56950a_A1_dhb|sal	N--LFPLACPGGALQAGGADQVFGMAEGLLCFTR	U--HHPHHCPGGHHUHGGHNUHHGHHNGHHCHUE
BGC0001125_AIW82277-1_525_mod1_asn	YW-AFDATITSSKLVIGGEINEYGPTETVVGCCI	HH-HHNHUHUUUEHHHGGNHUNHGPUNUHHGCCH
Q5DIS7_A2_dab	Q--QFDISVWQAELLSTGEMNAYGPAECSDDVSF	U--UHNHUHHUHNHHUUGNHUHHGPHNCUNNHUH
P68876_A1_ala	FW-AFDLSVMAPVSQYGGEYNTYGPTEATVAVTS	HH-HHNHUHHHPHUUHGGNHUUHGPUNHUHHHUU
BGC0000463_AGM14933-1_7925_mod8_leu	LW-HFDASVWEWQFCGGGEHNVYGPTETTVDCSV	HH-EHNHUHHNHUHCGGGNEUHHGPUNUUHNCUH
O68008_A2-9-_phe	LA-AFDASAFEPTLVSAGSFNAYGPTETTVCATA	HH-HHNHUHHNPUHHUHGUHUHHGPUNUUHCHUH
YP_631961-1_12373_mod9_ala	L--LFDGT-VEMDCFCGGEFNVYGPTESTVCATS	H--HHNGU-HNHNCHCGGNHUHHGPUNUUHCHUU
O52820_A3-6-_bht|tyr	LA-SFDAIVSEMTVLTGGEIQAYGPTETTICSTM	HH-UHNHHHUNHUHHUGGNHUHHGPUNUUHCUUH
CCA29203-1_2085_mod2_cys	TA-SFDLSVYDGNTMLSGDPNVLGATEGSIWSIW	UH-UHNHUHHNGUUHHUGNPUHHGHUNGUHHUHH
BGC0000449_AHF21228-1_474_mod1_val	L--QFDASTFEGWLLVGGDINGYGPTENTTFSTT	H--UHNHUUHNGHHHHGGNHUGHGPUNUUUHUUU
YP_116975-1_508_mod1_lys	HS-QFDASLLDVHMLVGGERNHYGPTEAVVCSTH	EU-UHNHUHHNHEHHHGGNEUEHGPUNHHHCUUE
BGC0000436_EJK79842-1_762_mod1_ile|val	L--AFDASTFEGWLLTGGDLTAYGPTEGTVFTTA	H--HHNHUUHNGHHHUGGNHUHHGPUNGUHHUUH
Q8CJX2_A1-10-_glu|3-me-glu	F-HMFDQSVGSAKGTLGGEVNVYGPTEATGHCLE	H-EHHNUUHGUHEGUHGGNHUHHGPUNHUGECHN
Q8RTG4_A1_arg	TY-TFDVSVWELTCIVGGEYNAYGPTEVAVETTI	UH-UHNHUHHNHUCHHGGNHUHHGPUNHHHNUUH
Q70LM6_A3-5-_ala	F--TFDLSVYEVNTVLAGEFNLYGPSEDTTYSTY	H--UHNHUHHNHUUHHHGNHUHHGPUNNUUHUUH
CCJ67636-1_2656_mod3_d-ser	R-CTFDVSVWEWHFMCSGEFNHYGPTEAAVEVTA	E-CUHNHUHHNHEHHCUGNHUEHGPUNHHHNHUH
Q70LM6_A2-4-_leu	LW-AFDASVWEPFLLTGGDVNQYGPTENTVVATA	HH-HHNHUHHNPHHHUGGNHUUHGPUNUUHHHUH
Q9KID8v2_A1_pip	LW-QFDYSVQESYACQGGEHNHYGPAESQLITGY	HH-UHNHUHUNUHHCUGGNEUEHGPHNUUHHUGH
Q84BQ4_A5-11-_asp	MW-QFDSSVWEWKFNGGGEHNVYGPTETTVDSTG	HH-UHNUUHHNHEHUGGGNEUHHGPUNUUHNUUG
P39845_A1_glu	FG-VFDASVWQWHFFAGGEIHGYGPTEATVDAAF	HG-HHNHUHHUHEHHHGGNHEGHGPUNHUHNHHH
Q9K5L9_A1-7-_ile	L--AFDAATFEGFLLFGGELHVYGPTENTTFSSW	H--HHNHHUHNGHHHHGGNHEHHGPUNUUUHUUH
P0C064_A3-4-_orn	VW-QFDVSAGDREAIVGSDVNSYGVTEACIDSSY	HH-UHNHUHGNENHHHGUNHUUHGHUNHCHNUUH
AHZ20781-1_481_mod1_thr	LS-HFDFSVWEGNQIFGGEVNMYGITETTVHVTY	HU-EHNHUHHNGUUHHGGNHUHHGHUNUUHEHUH
Q6YK40_A1_tyr	SW-YFDAFILNGSTVVGGERNEYGPTENSVVSTF	UH-HHNHHHHUGUUHHGGNEUNHGPUNUUHHUUH
Q8NJX1_A15_abu|iva	Q--AFDLSIGEAFLLLAGEINGWGPAETCVFSTL	U--HHNHUHGNHHHHHHGNHUGHGPHNUCHHUUH
AGC65514-1_4147_mod3_val	L--VFDASTFEAFMMIGGDLNGYGPTESTTFAVV	H--HHNHUUHNHHHHHGGNHUGHGPUNUUUHHHH
BGC0001036_AGZ15460-1_476_mod1_noh-val	RW-SFDASMPEAFFEVAAEYNLYGPTEATVEVTA	EH-UHNHUHPNHHHNHHHNHUHHGPUNHUHNHUH
Q6E7J5_A1_ala	L--TFDLSVFEVNTNLAGEYNLYGPSEYTTYTTF	H--UHNHUHHNHUUUHHGNHUHHGPUNHUUHUUH
O30981_A1-5-_glu	FG-MFDASVWQWHFFAGGEVHGYGPTEATVDAAF	HG-HHNHUHHUHEHHHGGNHEGHGPUNHUHNHHH
BGC0000425_AFH75322-1_5909_mod6_lys	EA-AFDASIEEGSLVVGGELNTYGPTEATIIATA	NH-HHNHUHNNGUHHHGGNHUUHGPUNHUHHHUH
Q00869_A1_hyv	A--G--ACILETHAV--GELNGYGQSESSSICCV	H--G--HCHHNUEHH--GNHUGHGUUNUUUHCCH
BGC0001035_EPE34341-1_5024_mod5_thr	AA-QFDAAIQDTNFILAGEFNSYGPSECSINSCS	HH-UHNHHHUNUUHHHHGNHUUHGPUNCUHUUCU
P94873_A3_val	FA-SFDFSVEQLSGLVAGEYNAYGTTETTVYNLV	HH-UHNHUHNUHUGHHHGNHUHHGUUNUUHHUHH
BGC0000419_AIG79241-1_1929_mod2_hpg	L--AFDASLVEVHLLTGGDRQLYGPTEITLCATW	H--HHNHUHHNHEHHUGGNEUHHGPUNHUHCHUH
Q9FB18_A2_cys	T-CAFDLAVYDGNSLLSGDMSLGGATEASIWSVW	U-CHHNHHHHNGUUHHUGNHUHGGHUNHUHHUHH
simA_mod8_leu	Q--AFDLCIGEGFLLLCGEINGWGPAETCVFSAM	U--HHNHCHGNGHHHHCGNHUGHGPHNUCHHUHH
BGC0000464_CDG17980-1_5930_mod6_thr	LQ-HFDFSVWEGNQIFGGEVNMYGITEITVHATY	HU-EHNHUHHNGUUHHGGNHUHHGHUNHUHEHUH
Q79JZ1_A1_cys	TA-SFDLSVYDGNSMLSGDIAMGGATEASIWSNV	UH-UHNHUHHNGUUHHUGNHHHGGHUNHUHHUUH
Q70AZ7_A1-4-_hpg|hpg2cl	L--MFDISLFEVHLLTGGDRHLYGPTETTLCATW	H--HHNHUHHNHEHHUGGNEEHHGPUNUUHCHUH
Q9C1G0v2_A1_aad	SS-SFEPFVRQMNGLV-GEKSEYGFTESAFVTAL	UU-UHNPHHEUHUGHH-GNEUNHGHUNUHHHUHH
AGC65517-1_453_mod1_tyr	LD-AFDASVIQPDLVLGGELNAYGPTECCVGATT	HN-HHNHUHHUPNHHHGGNHUHHGPUNCCHGHUU
BGC0001036_AGZ15458-1_478_mod1_piperazic	G--AFDVSVFESSGVFAGDVNSYGQSESFYATTF	G--HHNHUHHNUUGHHHGNHUUHGUUNUHHHUUH
AHF21229-1_1387_mod3_ala	L--GFDASTFEGFMLVGGDRNIYGPTENTTFSTI	H--GHNHUUHNGHHHHGGNEUHHGPUNUUUHUUH
BGC0000425_AFH75321-1_5900_mod6_val	LG-AFDASTLEAWMIVGGDLNGYGPTEATTFSTT	HG-HHNHUUHNHHHHHGGNHUGHGPUNHUUHUUU
AHZ20781-1_1540_mod2_thr	LA-HFDFSVWEGNQIFGGEINMYGITETTVHVTY	HH-EHNHUHHNGUUHHGGNHUHHGHUNUUHEHUH
AEA30272-1_1550_mod2_ala	LW-AFDVSVFEASAVLAGEANFYGPTEATVYATA	HH-HHNHUHHNHUHHHHGNHUHHGPUNHUHHHUH
Q01886v1_A2_ala	I--AFDASIGDTGICVAGEINMYGPTEATVACIA	H--HHNHUHGNUGHCHHGNHUHHGPUNHUHHCHH
BGC0001019_AHB82071-1_3517_mod3_gly	FS-AFDIAGLELQALCGGEWNLYGPTETTIWSTI	HU-HHNHHGHNHUHHCGGNHUHHGPUNUUHHUUH
Q5J1Q7_A1_hpg|hpg2cl	RW-AFDIAVWEAHFVCGGEVHAYGPTETTITVVH	EH-HHNHHHHNHEHHCGGNHEHHGPUNUUHUHHE
BGC0000314_WP_010369428-1_2037_mod2_asn	Y-ASFDLSATTCKTMLGGENDEYGPTEATVGAML	H-HUHNHUHUUCEUHHGGNUNNHGPUNHUHGHHH
Q70LM5_A5-11-_trp	LD-IFDVSVSEMAMIVGGEINCYGPTETTVTATL	HN-HHNHUHUNHHHHHGGNHUCHGPUNUUHUHUH
AHZ34233-1_3643_mod4_leu	LW-AFDAMAWEPFLLIGGDINNYGPTEATVVATS	HH-HHNHHHHNPHHHHGGNHUUHGPUNHUHHHUU
CBG75492_2792_mod3_nme-fhorn	M--HFDMS-WELNVLLGGEYNLYGPTEYTINTLG	H--EHNHU-HNHUHHHGGNHUHHGPUNHUHUUHG
P0C063_A4_leu	CW-QFDGFVASAYGTLGGENNEYGPTENSVVTIM	CH-UHNGHHHUHHGUHGGNUUNHGPUNUUHHUHH
Q09164_A10_leu	L--AFDASVWETLLYIGGDYNAYGPTENSVMSTI	H--HHNHUHHNUHHHHGGNHUHHGPUNUUHHUUH
EPE34341-1_5024_mod5_3oh-gln	AA-QFDAAIQDTNFILAGEFNSYGPSECSINSCS	HH-UHNHHHUNUUHHHHGNHUUHGPUNCUHUUCU
Q50JA3_A2_leu	I-VAFDASVWEALLISGGEFNAYGPTETTIYATL	H-HHHNHUHHNHHHHUGGNHUHHGPUNUUHHHUH
AHF21228-1_6670_mod5_trp	LY-AFDAACWEQALFTAGSYNGYGPTENSVATSV	HH-HHNHHCHNUHHHUHGUHUGHGPUNUUHHUUH
P11454_A1-2-_ser	RW-QFDVSVWEWHFFCSGEHNLYGPTEAAVDVSW	EH-UHNHUHHNHEHHCUGNEUHHGPUNHHHNHUH
BGC0000419_AIG79240-1_481_mod1_dpg	L--MFDPSLYAVHLEIGGDRNTYGPTETTLCATW	H--HHNPUHHHHEHNHGGNEUUHGPUNUUHCHUH
AFZ61501-1_1515_mod2_glu	LW-AFDGSVWEWKFCGGGEHNVYGPTEATVDSSA	HH-HHNGUHHNHEHCGGGNEUHHGPUNHUHNUUH
O52819_A3_asn	Y-HSFDLTITATFLLLGGEVNEYGPTEATVGCVE	H-EUHNHUHUHUHHHHGGNHUNHGPUNHUHGCHN
simA_mod10_leu	Q--AFDLSIGEAFMLLAGEVNGWGPAETCVFSSL	U--HHNHUHGNHHHHHHGNHUGHGPHNUCHHUUH
Q93I55_A1_tyr	SW-YFDAFILNGSTVVGGERNEYGPTENSVVSTF	UH-HHNHHHHUGUUHHGGNEUNHGPUNUUHHUUH
BGC0000425_AFH75320-1_4799_mod5_d-val	LG-AFDASTLDAWMIVGGDLNGYGPTEATTFSTT	HG-HHNHUUHNHHHHHGGNHUGHGPUNHUUHUUU
Q8NJX1_A8_ala	Q--SFDIILFESVLVVAGEANGWGPTECSVIACL	U--UHNHHHHNUHHHHHGNHUGHGPUNCUHHHCH
EWS95124_960_mod2_hpg	L--AFDISDYEVHFLTGGDVQLYGPTEVTLCATQ	H--HHNHUNHNHEHHUGGNHUHHGPUNHUHCHUU
Q93I56_A1_asn	YW-FFDLTVTSTKLIVGGEFNEYGPTEAVVGCMI	HH-HHNHUHUUUEHHHGGNHUNHGPUNHHHGCHH
BGC0000431_EFE73313-1_1569_mod2_lys	FG-AFDVSVFETELVSTGGWNGYGPTETTVAITL	HG-HHNHUHHNUNHHUUGGHUGHGPUNUUHHHUH
P68878_A1_ala	FW-AFDLSVMAPVSQYGGEYNTYGPTEATVAVTS	HH-HHNHUHHHPHUUHGGNHUUHGPUNHUHHHUU
AGC65516-1_2153_mod2_ser	RW-TFDVSVWEWHFFASGEHNLYGPTEATVDVTW	EH-UHNHUHHNHEHHHUGNEUHHGPUNHUHNHUH
CCJ67636-1_476_mod1_dhabu	LA-HFDFSVWEGNQIFGGEVNMYGITETTVHVTY	HH-EHNHUHHNGUUHHGGNHUHHGHUNUUHEHUH
O68006_A2_cys	F---FDLSVYDGNSLLSGDKNVIGATEGSIWSIY	H---HNHUHHNGUUHHUGNEUHHGHUNGUHHUHH
YP_116976-1_488_mod1_lys	YR-HFDAS-WQVDTALGGEYNCYGPTETTVEAVV	HE-EHNHU-HUHNUHHGGNHUCHGPUNUUHNHHH
P19787_A2_cys	LS-SFDHFVEQDSGDCVGEHNGYGPTEVSITTHK	HU-UHNEHHNUNUGNCHGNEUGHGPUNHUHUUEE
AHZ34233-1_4704_mod5_leu	LW-AFDATAWEPFLLIGGDVNNYGPTEATVVASS	HH-HHNHUHHNPHHHHGGNHUUHGPUNHUHHHUU
O07944_A4_gly-ph	L--SFDISTFEALLWTGGDVKLYGPTETTLGCTW	H--UHNHUUHNHHHHUGGNHEHHGPUNUUHGCUH
O30980_A3_tyr	TW-QFDGFLTSTIITLAGEANEYGPTENSVATTM	UH-UHNGHHUUUHHUHHGNHUNHGPUNUUHHUUH
Q09164_A7_gly|sar	LN-SFDISVQETMFFNVGDYNAYGPTENGMQSTM	HU-UHNHUHUNUHHHUHGNHUHHGPUNUGHUUUH
BGC0000456_BAO73252-1_2551_mod2_ala	SA-AFDVSIAETTLVLTGEINAYGPSESSIWATS	UH-HHNHUHHNUUHHHUGNHUHHGPUNUUHHHUU
BGC0000464_CDG17980-1_525_mod1_pro	LW-AFDVAFQETFLITAGEHNHYGPTESHVVTAY	HH-HHNHHHUNUHHHUHGNEUEHGPUNUEHHUHH
AGM16414-1_277_mod1_val	L--QFDAATFEGWLLVGGDVNGYGPTENTTFTCC	H--UHNHHUHNGHHHHGGNHUGHGPUNUUUHUCC
BGC0000439_AHH53506-1_3045_mod3_asp	Y--VFDLTVTATKVVVGGEVNAYGPTELTVNCTD	H--HHNHUHUHUEHHHGGNHUHHGPUNHUHUCUN
BGC0001036_AGZ15458-1_2022_mod2_noh-ala	RW-LFDVSVPEADFEVAGEHNLYGPTEAAVEVTA	EH-HHNHUHPNHNHNHHGNEUHHGPUNHHHNHUH
BGC0001045_AFR69334-1_544_mod1_d-ala	L--QFDTSTFEGWLLAGGDINGYGPTENTTFTST	H--UHNUUUHNGHHHHGGNHUGHGPUNUUUHUUU
BGC0001178_AGS77309-1_1972_mod2_tyr	L--MFDASLVEAHLLTGGDRHLYGPTETTLCATW	H--HHNHUHHNHEHHUGGNEEHHGPUNUUHCHUH
BGC0000425_AFH75321-1_3778_mod4_d-leu	HW-QFDASVWETQFFSGGEVNLYGPTEATIDSTS	EH-UHNHUHHNUUHHUGGNHUHHGPUNHUHNUUU
YP_631961-1_3708_mod3_goh-val	L--AFDASTLEGWLLAGGDVNGYGPTESTTFTAC	H--HHNHUUHNGHHHHGGNHUGHGPUNUUUHUHC
Q8G982_A1-8-_leu	N--SFDASVLDWFFFCGGEHNLYGPTETSVDATC	U--UHNHUHHNHHHHCGGNEUHHGPUNUUHNHUC
O33743_A4-8-_val	L--QFDAMTFEGWLIVGGEWNGYGPTENTTFSTC	H--UHNHHUHNGHHHHGGNHUGHGPUNUUUHUUC
O85168_A1_ser	RW-TFDLSVWELHFLCSGEHNLYGPTEAAIDVTA	EH-UHNHUHHNHEHHCUGNEUHHGPUNHHHNHUH
Q70LM4_A2-14-_leu	LW-AFDASVWEPFLLTGGDVNQYGPTENTVVATA	HH-HHNHUHHNPHHHUGGNHUUHGPUNUUHHHUH
BGC0001149_CDF96614-1_1540_mod2_pro	LN-SFDVSFQESFLQISGEVNHYGPTEAHVVTRL	HU-UHNHUHUNUHHUHUGNHUEHGPUNHEHHUEH
BGC0000464_CDG17980-1_2686_mod3_val	L--HFDASTWEAWLLVGGDINGYGPTETTTFAAT	H--EHNHUUHNHHHHHGGNHUGHGPUNUUUHHHU
Q9C1G0v2_A2_cys	LS-SFDHFVEQDSGDCVGEINGYGPTEVSITTSK	HU-UHNEHHNUNUGNCHGNHUGHGPUNHUHUUUE
AEI70245-1_445_mod1_ala	LS-SFDISVLELQAITGGEHNQYGPTETTIYSTA	HU-UHNHUHHNHUHHUGGNEUUHGPUNUUHHUUH
Q2VQ15_A4-7-_lys	L--AFDASVGEHPFSTGGELNAYGPTETTVDATI	H--HHNHUHGNEPHUUGGNHUHHGPUNUUHNHUH
Q01886_A3_ala	F--SFDLSILEAFLFAGGEVNSYGPTEACVLVTA	H--UHNHUHHNHHHHHGGNHUUHGPUNHCHHHUH
Q84BC7_A3-6-_pro|me-pro	LW-AFDVSFQETFLITAGEHNHYGPSESHVATSF	HH-HHNHUHUNUHHHUHGNEUEHGPUNUEHHUUH
EPE34341-1_2860_mod3_4oh-pro	S-TTFDVSISDASLT--GEYDTYGPSEGSVCTCL	U-UUHNHUHUNHUHU--GNHNUHGPUNGUHCUCH
P27206_A3_leu	LW-AFDASIWEPFLLTGGDTNNYGPTENTVVATS	HH-HHNHUHHNPHHHUGGNUUUHGPUNUUHHHUU
BGC0000456_BAO73252-1_4122_mod3_pro	I--AFDISIAETILVLTGEMNCYGPSESWICTTH	H--HHNHUHHNUHHHHUGNHUCHGPUNUHHCUUE
BGC0000398_AFH75330-1_1625_mod2_leu	LW-SFDAMAWEPFLLIGGDVNNYGPTEATVVATS	HH-UHNHHHHNPHHHHGGNHUUHGPUNHUHHHUU
BGC0001125_AIW82284-1_2452_mod3_ala	L--TFDLSIFEVNTNLAGEFNLYGPSETTTYSTF	H--UHNHUHHNHUUUHHGNHUHHGPUNUUUHUUH
CCJ67640-1_4826_mod5_d-dab	YD-QFDLSVEEPHLNVTGDINTYGPTEATVSCTA	HN-UHNHUHNNPEHUHUGNHUUHGPUNHUHUCUH
Q84BQ6v1_A2_asp	MW-QFDSSVWEWKFNGGGEHNVYGPTETTVDSTG	HH-UHNUUHHNHEHUGGGNEUHHGPUNUUHNUUG
AHZ34232-1_480_mod1_leu	LW-SFDAMAWEPFLLIGGDINNYGPTETTVVATS	HH-UHNHHHHNPHHHHGGNHUUHGPUNUUHHHUU
BGC0000425_AFH75322-1_2740_mod3_ile	LG-AFDASTMDGFTLCGGEVHCYGPTESTTYATT	HG-HHNHUUHNGHUHCGGNHECHGPUNUUUHHUU
P27206_A2_leu	T--SFDAFMFDGMIMFGGELHMYGPSESTVFATY	U--UHNHHHHNGHHHHGGNHEHHGPUNUUHHHUH
P26046_A1_aad	S--FFEPFVRQMNGLV-GEKNEYGFTESAFVTAL	U--HHNPHHEUHUGHH-GNEUNHGHUNUHHHUHH
BGC0000419_AIG79241-1_462_mod1_hpg	L--MFDISLFEVHLLTGGDRHLYGPTEATLCATW	H--HHNHUHHNHEHHUGGNEEHHGPUNHUHCHUH
O87704_A2-4-_thr	L-HHFDFSVWEGNQIFGGEINMYGITETTVHVTY	H-EEHNHUHHNGUUHHGGNHUHHGHUNUUHEHUH
AGC24265-1_37_mod1_pro	FW-AFDLSVFDAYSFAG-ELNWYGPTETNVCTSY	HH-HHNHUHHNHHUHHG-NHUHHGPUNUUHCUUH
P35854_A1_ala	YW-SFDLSVMDPVSFCGEEYNTYGPTEATVAVTG	HH-UHNHUHHNPHUHCGNNHUUHGPUNHUHHHUG
Q9ZGA6_A1-11-_pip	LW-QFDYSVQESYACQGGEHNHYGPAESQLITGY	HH-UHNHUHUNUHHCUGGNEUEHGPHNUUHHUGH
AHH53507-1_6245_mod6_ala	LW-LFDVSVFEASAVFAGEFNLYGPTETTVYCTG	HH-HHNHUHHNHUHHHHGNHUHHGPUNUUHHCUG
Q50JA3_A1_thr	L-TAFS--VWEGNQIFGGEINMYGITETTVHVTY	H-UHHU--HHNGUUHHGGNHUHHGHUNUUHEHUH
P39847_A1_glu	FG-VFDASVWQWHFFAGGEIHGYGPTEATVDAAF	HG-HHNHUHHUHEHHHGGNHEGHGPUNHUHNHHH
BGC0001036_AGZ15459-1_2235_mod2_3oh-3me-pro	AA-LFDVATFESCSNISGEINSYGPSET-FYATG	HH-HHNHHUHNUCUUHUGNHUUHGPUNU-HHHUG
ZP_10287805-1_2041_mod2_ile|d-leu	Y--LFDAFIFDVFVNFGGEYHAYGPTETTVYATC	H--HHNHHHHNHHHUHGGNHEHHGPUNUUHHHUC
Q50E73_A2-7-_asp	Y--VFDLTVTVTKVLVGGEVNAYGPTELTVNCAE	H--HHNHUHUHUEHHHGGNHUHHGPUNHUHUCHN
BGC0000376_BAP16697-1_524_mod1_d-ala	FS-AFDGSVIELHGLSGGEWNLYGPAETTVYSLV	HU-HHNGUHHNHEGHUGGNHUHHGPHNUUHHUHH
Q09164_A9_val	L--SFDASSWEAMLFAAGDYNAYGPTENTVLSTI	H--UHNHUUHNHHHHHHGNHUHHGPUNUUHHUUH
Q8GGP3_A1-2-_cys	LW-CFDLSVFDGNSFLSGDISLGGATEATVWSNW	HH-CHNHUHHNGUUHHUGNHUHGGHUNHUHHUUH
Q45R85_A1_trp	LI-AFDVAVAEMLAVTGGEFNVYGPTEATVQATS	HH-HHNHHHHNHHHHUGGNHUHHGPUNHUHUHUU
Q884E3_A2_ser	RW-TFDVSVWEWHFVCSGEYNLYGPTEAAIDVTH	EH-UHNHUHHNHEHHCUGNHUHHGPUNHHHNHUE
Q01886/62867029_A3_ala	F--SFDLSILEAFLFAGGEVNSYGPTEACVLVTA	H--UHNHUHHNHHHHHGGNHUUHGPUNHCHHHUH
Q8NJX1_A14_leu|val	SV-SFDASIAEALLILGGEFNAWGPTESCVFGSL	UH-UHNHUHHNHHHHHGGNHUHHGPUNUCHHGUH
BGC0000419_AIG79243-1_1041_mod2_bht	LA-AFDTIVSEMKARAAGELNAYGPTETTICATV	HH-HHNUHHUNHEHEHHGNHUHHGPUNUUHCHUH
BGC0000439_AHH53506-1_5177_mod5_gly	FD-AFDIAGLEGQALVGGETNLYGPTETTIWSTV	HN-HHNHHGHNGUHHHGGNUUHHGPUNUUHHUUH
BGC0000456_BAO73252-1_5226_mod4_gln	I--AFDVAIQDAILVLGGEINGYGPSECCIHSTC	H--HHNHHHUNHHHHHGGNHUGHGPUNCCHEUUC
BGC0000369_AHZ20784-1_1992_mod2_glu|tyr	F-VQFDASVEQPSLVFGGELNTYGPTEATVVSSI	H-HUHNHUHNUPUHHHGGNHUUHGPUNHUHHUUH
BGC0001149_CDF96614-1_480_mod1_ser	RW-TFDVSVWELHFLCSGEHNLYGPTEAAIDVTA	EH-UHNHUHHNHEHHCUGNEUHHGPUNHHHNHUH
CCJ67638-1_2717_mod3_d-val	LG-AFDASTLDAWMIVGGDLNGYGPTEATTFSTT	HG-HHNHUUHNHHHHHGGNHUGHGPUNHUUHUUU
Q884E5_A1_asp	YGLSAD--LGVGKIIVGGEINHYGPSETTVGVLT	HGHUHN--HGHGEHHHGGNHUEHGPUNUUHGHHU
Q5DIS9_A2-6-_horn	H--HFDGAHEGHVFYCGGDFNGYGPTETVVTPLL	E--EHNGHENGEHHHCGGNHUGHGPUNUHHUPHH
Q939Y9_A1_dpg	L--MFDPSLYAVHLEIGGDRNTYGPTETTLCATW	H--HHNPUHHHHEHNHGGNEUUHGPUNUUHCHUH
Q5DIP3_A1_ser	RW-QFDVSVWEWHFVCSGEYNLYGPTEAAIDVTH	EH-UHNHUHHNHEHHCUGNHUHHGPUNHHHNHUE
Q9FB27_A1_asn	YW-TFDLTLTTGKLVVGGEVNEYGPSETVVGSVA	HH-UHNHUHUUGEHHHGGNHUNHGPUNUHHGUHH
Q9KIZ9_A1_cys	TD-SFDLSVYDGNSLLSGDISLGGATEASIWSIG	UN-UHNHUHHNGUUHHUGNHUHGGHUNHUHHUHG
Q5DIV7_A3_ser	RW-QFDVSVWEWHFVCSGEYNLYGPTEAAIDVTH	EH-UHNHUHHNHEHHCUGNHUHHGPUNHHHNHUE
BGC0001147_AIS24862-1_37_mod1_glycy	LE-AFSVAAEESQLVVGSEVQEYGATEGTVSQLL	HN-HHUHHHNNUUHHHGUNHUNHGHUNGUHUUHH
YP_631961-1_11304_mod8_blys	F--AWDTSAEEPNLVIGGELNTYGLTEVTAVATS	H--HHNUUHNNPUHHHGGNHUUHGHUNHUHHHUU
Q84BQ6v1_A1_leu	LW-SFDAMAWEPFLLIGGDINNYGPTEATVVATS	HH-UHNHHHHNPHHHHGGNHUUHGPUNHUHHHUU
Q2VQ15_A3-6-_val	T--SFDGSTFDSFMVFGGEVNGYGPTETTVFATT	U--UHNGUUHNUHHHHGGNHUGHGPUNUUHHHUU
EPE34341-1_3930_mod4_4oh-5oh-hty	SG-NFDGTIEDTAMVLGGEFNCYGPSECSIFSAA	UG-UHNGUHNNUHHHHGGNHUCHGPUNCUHHUHH
Q8NJX1_A2_gly	Q--LFDISVGEAMLFV-GEINGWGPAETCVLSTI	U--HHNHUHGNHHHHH-GNHUGHGPHNUCHHUUH
Q8NJX1_A18_val-vol	V--SFDACIIETILV--GEHNGYGPAEACVTSTN	H--UHNHCHHNUHHH--GNEUGHGPHNHCHUUUU
EPE34341-1_1766_mod2_thr	SA-AFDACIQDTTLLV-GEVNAYGPSECSIHSSC	UH-HHNHCHUNUUHHH-GNHUHHGPUNCUHEUUC
Q70JZ9_A2_asn	YW-FFDLTVTSTKLIVGGECNEYGPTETVVGCMI	HH-HHNHUHUUUEHHHGGNCUNHGPUNUHHGCHH
Q70JZ9_A4_glu	LR-SFDASVKQADGLIGGETNVYGPTETCVDASV	HE-UHNHUHEUHNGHHGGNUUHHGPUNUCHNHUH
Q50E73_A4-9-_asp	Y--VFDLTVTVTKVLVGGEVNAYGPTELTVNCAE	H--HHNHUHUHUEHHHGGNHUHHGPUNHUHUCHN
Q9FB24_A1_thr	LA-AFDFSVWEGSQVLGGEVNMYGITENTIHVTV	HH-HHNHUHHNGUUHHGGNHUHHGHUNUUHEHUH
O68008_A3-10-_his	TW-QFDSSVEDTLAA--GEFNEYGPTENSVCSTR	UH-UHNUUHNNUHHH--GNHUNHGPUNUUHCUUE
XP_754329-2_55_mod1_trp	YE-CFDVCAGVNPLFLGGEYNAYGPTETT--CTA	HN-CHNHCHGHUPHHHGGNHUHHGPUNUU--CUH
P94459_A3_tyr	TW-QFDGFITSTIITLAGEANEYGPTENSVATTM	UH-UHNGHHUUUHHUHHGNHUNHGPUNUUHHUUH
AGM16412-1_1974_mod2_val	L--QFDAATFEGWLLVGGDINGYGPTENTTFTCC	H--UHNHHUHNGHHHHGGNHUGHGPUNUUUHUCC
Q9Z4X6_A5_asp	Y--TFDLTITATKAILGGEINAYGPTESTVNITD	H--UHNHUHUHUEHHHGGNHUHHGPUNUUHUHUN
O68006_A5_ile	V--SFDGSVFDGFILFGGEIHVYGPTESTVYATY	H--UHNGUHHNGHHHHGGNHEHHGPUNUUHHHUH
YP_003712466-1_562_mod1_val	L--AFDAAILEMVLLLAGEFNVYGPTECTSIITC	H--HHNHHHHNHHHHHHGNHUHHGPUNCUUHHUC
Q8KLL3_A1_hpg|hpg2cl	L--HFDASLFEVHLLTGGDRHLYGPTETTLCATW	H--EHNHUHHNHEHHUGGNEEHHGPUNUUHCHUH
Q8KLL5_A2_hpg|hpg2cl	L--HFDASLFEAHLLTGGDRHLYGPTETTLCGTW	H--EHNHUHHNHEHHUGGNEEHHGPUNUUHCGUH
Q9RAH2_A3_asn	YW-TFDATITSLKIVLGGEINEYGPTEAVVGCCV	HH-UHNHUHUUHEHHHGGNHUNHGPUNHHHGCCH
Q56950b_A1_dhb|sal	N--LFPLACPGGALQAGGADQVFGMAEGLLCFTR	U--HHPHHCPGGHHUHGGHNUHHGHHNGHHCHUE
BGC0000431_EFE73308-1_231_mod1_cysa	HA-QFDISLWQSQICVSGEVNAYGLTETSDDTNH	EH-UHNHUHHUUUHCHUGNHUHHGHUNUUNNUUE
P07702_A1_aad	YW-D-----RDTHLFV-GDVNMYGTTETQRAVSY	HH-N-----ENUEHHH-GNHUHHGUUNUUEHHUH
CCA29202-1_1497_mod2_cys	TA-AFDLSVYDGNTLLSGDVSLGGATEGSIWSIW	UH-HHNHUHHNGUUHHUGNHUHGGHUNGUHHUHH
Q70JZ9_A3_pro	LDTAFDVCYQESFFITAGEHNHYGPSETHVVSTY	HNUHHNHCHUNUHHHUHGNEUEHGPUNUEHHUUH
BGC0000449_AHF21228-1_11933_mod9_phe	LY-AFDAACWEQTLFTAGSYNGYGPTENSVATSV	HH-HHNHHCHNUUHHUHGUHUGHGPUNUUHHUUH
P39846_A1_tyr	TW-HFDGCVTSTIITFAGEANEYGPTENSVATTL	UH-EHNGCHUUUHHUHHGNHUNHGPUNUUHHUUH
O66069_A1_gln	LA-AFDASVQQTDGLVGGETNVYGPTETCVDASS	HH-HHNHUHUUUNGHHGGNUUHHGPUNUCHNHUU
Q70AZ7_A1_hpg|hpg2cl	L--MFDISLFEVHLLTGGDRHLYGPTETTLCATW	H--HHNHUHHNHEHHUGGNEEHHGPUNUUHCHUH
CCJ67640-1_1654_mod2_d-athr	LA-HFDFSVWEGNQIFGGEVNMYGITETTVHVTY	HH-EHNHUHHNGUUHHGGNHUHHGHUNUUHEHUH
Q70AZ7_A3_bht	L--AFDAAISEMTVIVAGEINGYGPTETTVCATM	H--HHNHHHUNHUHHHHGNHUGHGPUNUUHCHUH
Q7WRQ4_A2-9-_me-asp	FW-QFDAYLREVHTVLGGEVNIYGASETTFVKHF	HH-UHNHHHENHEUHHGGNHUHHGHUNUUHHEEH
Q8GGN5_ADiscrete_ala	FL-QFDLSMFECTSFCG-EDNLYGPTELTIACTA	HH-UHNHUHHNCUUHCG-NNUHHGPUNHUHHCUH
ADL64235_1458_mod2_phe	LW-AFDASVMECSIITGGAFNAYGPSESTVITSY	HH-HHNHUHHNCUHHUGGHHUHHGPUNUUHHUUH
Q7WRJ0/31616733_ALod_phe-ac	T--M--AIFLGAWSVNAGEKPAFGMTESCSGITW	U--H--HHHHGHHUHUHGNEPHHGHUNUCUGHUH
BGC0000425_AFH75320-1_3727_mod4_d-leu	LW-TFDAMAWEPFLLVGGDVNNYGPTEATVVATS	HH-UHNHHHHNPHHHHGGNHUUHGPUNHUHHHUU
Q2N3S9_A1-9-_ser	RW-TFDVSVWEWHFFFSGEQNLYGPTEAAVDVSF	EH-UHNHUHHNHEHHHUGNUUHHGPUNHHHNHUH
EPE34341-1_6121_mod6_3oh-pro|3oh-4me-pro	SA-SFDNVITDAMLILTGEYNAYGPTEGSMSTCT	UH-UHNUHHUNHHHHHUGNHUHHGPUNGUHUUCU
Q84BC7_A2-5-_ser	RW-TFDVSVWEWHFICSGEHNLYGPTEAAIDVTF	EH-UHNHUHHNHEHHCUGNEUHHGPUNHHHNHUH
Q7WRQ4_A1-8-_leu	N--IFDVSVWEWFFFSGAEHNLYGPTEAAVDATC	U--HHNHUHHNHHHHUGHNEUHHGPUNHHHNHUC
CCA29202-1_393_mod1_gly	IDATFDISTLEMQARCGGEWNVYGPTETTVWSTT	HNHUHNHUUHNHUHECGGNHUHHGPUNUUHHUUU
Q5DIV8_A1-5-_lys	F-IAFDGFVEQPDLHIGGELNTYGPTEATVVSSV	H-HHHNGHHNUPNHEHGGNHUUHGPUNHUHHUUH
AHF21228-1_5129_mod4_ser	RW-QFDVSVWEWHFFASGEINLYGPTEATVDVSY	EH-UHNHUHHNHEHHHUGNHUHHGPUNHUHNHUH
O69246_A2-5-_asp	YW-SFDLGYTSPKLVLGGEINHYGPTETTIGAIA	HH-UHNHGHUUPEHHHGGNHUEHGPUNUUHGHHH
BGC0001166_AGQ43600-1_1838_mod2_ala	I--AFDASIGDTGICVAGEINMYGPTEATVACIA	H--HHNHUHGNUGHCHHGNHUHHGPUNHUHHCHH
BGC0000425_AFH75322-1_565_mod1_dhabu	LA-HFDFSVWEGNQIFGGEVNMYGITETTVHVTY	HH-EHNHUHHNGUUHHGGNHUHHGHUNUUHEHUH
Q9RLP6_A4_alaninol	V-THFDVSVWEGYQVVAGEVNAYGPTESTIYAAI	H-UEHNHUHHNGHUHHHGNHUHHGPUNUUHHHHH
AHF21228-1_10396_mod8_dab	TY-QFDVFVGDRESITSSDINSYGVTEAAIDSSF	UH-UHNHHHGNENUHUUUNHUUHGHUNHHHNUUH
Q9FDB2_A_dhb	S--LFPLSSPGGALQVGGAGQVFGMAEGLVNYTR	U--HHPHUUPGGHHUHGGHGUHHGHHNGHHUHUE
BGC0000425_AFH75322-1_1653_mod2_d-athr	LA-HFDFSVWEGNQIFGGEVNMYGITETTVHVTY	HH-EHNHUHHNGUUHHGGNHUHHGHUNUUHEHUH
BGC0000299_ERG36783-1_2037_mod2_asn	Y-ASFDLSVTTCKTMLGGENDEYGPTEATVGAML	H-HUHNHUHUUCEUHHGGNUNNHGPUNHUHGHHH
O94205_A1_ala	A--AFDLSLFEAFLCLGGEISGYNPAECCLGISG	H--HHNHUHHNHHHCHGGNHUGHUPHNCCHGHUG
BGC0000414_BAO84866-1_500_mod1_4-5-dehydro-arg|me-tyr	S--AFDASAGGWDGILAGEFNEYGPTEATVWAAV	U--HHNHUHGGHNGHHHGNHUNHGPUNHUHHHHH
BGC0000463_AGM14933-1_2676_mod3_val	LW-TFDAMAWEPFLLVGGDVNNYGPTETTVVATS	HH-UHNHHHHNPHHHHGGNHUUHGPUNUUHHHUU
P40976_A1_aad	YW-D-----RDTHLFV-GDNNMYGTTETQRSVSY	HH-N-----ENUEHHH-GNUUHHGUUNUUEUHUH
Q5DIP4_A3-6-_ser	RW-QFDVSVWEWHFVCSGEYNLYGPTEAAIDVTH	EH-UHNHUHHNHEHHCUGNHUHHGPUNHHHNHUE
Q9Z4X5_A2-8-_gly	F--AFDIAGLELQALVGGETNLYGPTEATIWATA	H--HHNHHGHNHUHHHGGNUUHHGPUNHUHHHUH
AGZ15458-1_2022_mod2_noh-d-ala|oh-d-ala	RW-LFDVSVPEADFEVAGEHNLYGPTEAAVEVTA	EH-HHNHUHPNHNHNHHGNEUHHGPUNHHHNHUH
O30980_A2-8-_gln	FS-HFDASIWEWHFFSGGEVNSYGPTEATVEAAF	HU-EHNHUHHNHEHHUGGNHUUHGPUNHUHNHHH
AHZ34233-1_1522_mod2_gln	LW-HFDASVWEWQFCGGGEHNVYGPTETTVDCSV	HH-EHNHUHHNHUHCGGGNEUHHGPUNUUHNCUH
Q2VQ15_A2-5-_val	T--SFDGSTFDSFMVFGGEVNGYGPTETTVFATT	U--UHNGUUHNUHHHHGGNHUGHGPUNUUHHHUU
EWS95124_3485_mod4_tyr	L--AFDAAFSETTLVTAGDVNAYGPTEATVCATS	H--HHNHHHUNUUHHUHGNHUHHGPUNHUHCHUU
BGC0000299_ERG36782-1_467_mod1_thr	LE-HFDFSVWEGNQIFGGDVNMYGITETTVHVTY	HN-EHNHUHHNGUUHHGGNHUHHGHUNUUHEHUH
CCA29203-1_542_mod1_ser	RW-QFDVSVWEWHFFCSGEHNLYGPTEASIDVLH	EH-UHNHUHHNHEHHCUGNEUHHGPUNHUHNHHE
Q9R9J0_A4_pro	L--QFDVCYQESFLITAGEHNHYGPSETHVVTMC	H--UHNHCHUNUHHHUHGNEUEHGPUNUEHHUHC
XP_002568558-1_1292_mod2_his	MA-LFDICLAELMLILGGEHQSYGPAECAMYTTT	HH-HHNHCHHNHHHHHGGNEUUHGPHNCHHHUUU
O30408_A1-2-_pro	LF-TFDVCYQESSLITAGEHNHYGPSETHVVTTC	HH-UHNHCHUNUUHHUHGNEUEHGPUNUEHHUUC
BGC0000451_CP001614-2_15150-22349_mod1_orn	LG-HFDS-AWDLDMGIGGEYNLYGPTENTVDTLG	HG-EHNU-HHNHNHGHGGNHUHHGPUNUUHNUHG
EWS95122_476_mod1_ser	RW-QFDVAGWEWHFMCSGEHNLYGPTEAAIDVTA	EH-UHNHHGHNHEHHCUGNEUHHGPUNHHHNHUH
Q9L8H4_A3-6-_val	L--HFDASTYEVWLWTGGEVDGYGPTETTTFATH	H--EHNHUUHNHHHHUGGNHNGHGPUNUUUHHUE
P0C064/68845359_A1-2-_pro	LFETFDVCYQESSFITAGEHNHYGPSETHVVTTY	HHNUHNHCHUNUUHHUHGNEUEHGPUNUEHHUUH
BGC0000376_BAP16693-1_511_mod1_alpha-me-ser	LD-SFDASVYDGNSVVSGDLRVVGPTETICWSLF	HN-UHNHUHHNGUUHHUGNHEHHGPUNUHCHUHH
BGC0000418_AHF20584-1_460_mod1_hpg	L--MFDISLFEVHLLTGGDRHLYGPTEATLCATW	H--HHNHUHHNHEHHUGGNEEHHGPUNHUHCHUH
BGC0000418_AHF20584-1_3410_mod3_bht	LA-SFDAIVSEMTVRTGGEINAYGPTETTICSTM	HH-UHNHHHUNHUHEUGGNHUHHGPUNUUHCUUH
Q9K5M1_A4-6-_tyr	LA-AFDACISEMTLIVAGEFNAYGPTEGSVCATL	HH-HHNHCHUNHUHHHHGNHUHHGPUNGUHCHUH
Q01886_A4_aeo	L--NFDVMLLDGLLCLTGEIAGYGPTETCIMSVS	H--UHNHHHHNGHHCHUGNHHGHGPUNUCHHUHU
Q6YK39_A1_ser	RW-QFDVSVWEWHFFASGEINLYGPTEATIDVSY	EH-UHNHUHHNHEHHHUGNHUHHGPUNHUHNHUH
BGC0000425_AFH75321-1_2723_mod3_d-val	LG-AFDASTLDAWMIVGGDLNGYGPTEATTFSTT	HG-HHNHUUHNHHHHHGGNHUGHGPUNHUUHUUU
Q9FDB3_A2-2-_pro	LW-AFDVAFQESYMITAGEHNHYGPTESHVVTAL	HH-HHNHHHUNUHHHUHGNEUEHGPUNUEHHUHH
Q70AZ7_A3-6-_bht	L--AFDAAISEMTVIVAGEINGYGPTETTVCATM	H--HHNHHHUNHUHHHHGNHUGHGPUNUUHCHUH
Q9RK14_A1_orn|horn	RW-AFDISINELYLWCGGEYHGYGPAETTIGVSH	EH-HHNHUHUNHHHHCGGNHEGHGPHNUUHGHUE
O85168_A8_asp	FWLLFDMSIKGSDSLLGGEYNMYGPTECTVDATI	HHHHHNHUHEGUNUHHGGNHUHHGPUNCUHNHUH
Q70JZ9_A1_tyr	SW-YFDAFILNGSTVVGGERNEYGPTENSVVSTF	UH-HHNHHHHUGUUHHGGNEUNHGPUNUUHHUUH
AHF21228-1_11933_mod9_phe	LY-AFDAACWEQTLFTAGSYNGYGPTENSVATSV	HH-HHNHHCHNUUHHUHGUHUGHGPUNUUHHUUH
Q54298_A1_pip	LW-AYS--VQESYALPGGEHNHYGPAESQLVTGY	HH-HHU--HUNUHHHPGGNEUEHGPHNUUHHUGH
Q45R83_A1-8-_lys	LR-AFDAS-WDLDLALGGETNTYGPTETAVDAVV	HE-HHNHU-HNHNHHHGGNUUUHGPUNUHHNHHH
CCJ67637-1_2717_mod3_d-ser	RW-TFDVSVWEWHFMCSGEFNLYGPTEAAVDVTA	EH-UHNHUHHNHEHHCUGNHUHHGPUNHHHNHUH
Q939Y9_A1-7-_dpg	L--MFDPSLYAVHLEIGGDRNTYGPTETTLCATW	H--HHNPUHHHHEHNHGGNEUUHGPUNUUHCHUH
O30980_A3-9-_tyr	TW-QFDGFLTSTIITLAGEANEYGPTENSVATTM	UH-UHNGHHUUUHHUHHGNHUNHGPUNUUHHUUH
O52820_A2-5-_hpg|hpg2cl	L--HFDASLVEVHLLTGGDRQLYGPTEITLCATW	H--EHNHUHHNHEHHUGGNEUHHGPUNHUHCHUH
AGZ15460-1_476_mod1_noh-val	RW-SFDASMPEAFFEVAAEYNLYGPTEATVEVTA	EH-UHNHUHPNHHHNHHHNHUHHGPUNHUHNHUH
P25464_A3_val	S--SFDFSLEQLSGMVTGEANAYGITETTVYNII	U--UHNHUHNUHUGHHUGNHUHHGHUNUUHHUHH
BGC0000398_AFH75328-1_482_mod1_leu	LW-SFDAMAWEPFLLVGGDVNNYGPTEATVVATS	HH-UHNHHHHNPHHHHGGNHUUHGPUNHUHHHUU
Q70LM5_A6-12-_leu	LW-QFDAAVWEPFLLTGGDVNQYGPTENAVVATA	HH-UHNHHHHNPHHHUGGNHUUHGPUNUHHHHUH
Q09164_A4_val	L--SFDASSWEAMLFAAGDFNAYGPTENTILSTI	H--UHNHUUHNHHHHHHGNHUHHGPUNUUHHUUH
BGC0000426_AGZ03651-1_480_mod1_ala	T-QTFDVSVTEGNFFSAGELNLYGPTESTIYATQ	U-UUHNHUHUNGUHHUHGNHUHHGPUNUUHHHUU
P0C063_A1_pro	LFET---CTKKSSFITAGEHNHYGPSETHVVTTY	HHNU---CUEEUUHHUHGNEUEHGPUNUEHHUUH
Q6YK40_A4_glu	LR-SFDASVKQADGLIGGETNVYGPTETCVDASV	HE-UHNHUHEUHNGHHGGNUUHHGPUNUCHNHUH
AHF21229-1_474_mod2_ile	L--QFDASTFEGWLLVGGDINGYGPTENTTFSTT	H--UHNHUUHNGHHHHGGNHUGHGPUNUUUHUUU
BGC0001035_EPE34341-1_1766_mod2_3oh-gln	SA-AFDACIQDTTLLV-GEVNAYGPSECSIHSSC	UH-HHNHCHUNUUHHH-GNHUHHGPUNCUHEUUC
Q70LM6_A1-3-_ala	IA-LFDVSVAEGNFFAAGEINIYGPTESTIYATK	HH-HHNHUHHNGUHHHHGNHUHHGPUNUUHHHUE
Q83VS1_A5-10-_ala	FW-TFDLAVYEANTNVAGECNLYGPSETTTYSSW	HH-UHNHHHHNHUUUHHGNCUHHGPUNUUUHUUH
YP_631961-1_5832_mod5_val	LS-TFDGSVMELHFNVVGDTNGYGPTENSIISTS	HU-UHNGUHHNHEHUHHGNUUGHGPUNUUHHUUU
BGC0000314_WP_010369430-1_2041_mod2_ile	Y--LFDAFIFDVFVNFGGEYHAYGPTETTVYATC	H--HHNHHHHNHHHUHGGNHEHHGPUNUUHHHUC
Q9R9J0_A1_tyr	SW-YFDAFILNGSTVVGGERNEYGPTENSVVSTF	UH-HHNHHHHUGUUHHGGNEUNHGPUNUUHHUUH
BGC0001036_AGZ15459-1_694_mod1_piperazic	GD-AFDVSVFETSAILAGEVNAYGQTESFYAATF	GN-HHNHUHHNUUHHHHGNHUHHGUUNUHHHHUH
BGC0000425_AFH75320-1_2651_mod3_d-ser	RW-TFDVSVWEWHFMCSGEFNLYGPTEAAVDVTA	EH-UHNHUHHNHEHHCUGNHUHHGPUNHHHNHUH
BGC0000425_AFH75321-1_4831_mod5_d-val	LW-TFDAMAWEPFLLVGGDVNNYGPTEATVVATS	HH-UHNHHHHNPHHHHGGNHUUHGPUNHUHHHUU
Q04747_A3-6-_leu	LW-AFDASIWEPFLLTGGDTNNYGPTENTVVATS	HH-HHNHUHHNPHHHUGGNUUUHGPUNUUHHHUU
Q9FDB0_A1_thr	VG-THDMSVFDAVSAQGGDISLGGPTETTIWSIW	HG-UENHUHHNHHUHUGGNHUHGGPUNUUHHUHH
CCJ67640-1_3780_mod4_hse	MW-AFDLTQKNANLVLGGEINSYGPTECSDVVAW	HH-HHNHUUEUHUHHHGGNHUUHGPUNCUNHHHH
BGC0000369_AHZ20781-1_481_mod1_thr	LS-HFDFSVWEGNQIFGGEVNMYGITETTVHVTY	HU-EHNHUHHNGUUHHGGNHUHHGHUNUUHEHUH
BGC0000400_AGM16413-1_273_mod1_val	L--QFDAATFEGWLLVGGDVNGYGPTENTTFTCC	H--UHNHHUHNGHHHHGGNHUGHGPUNUUUHUCC
Q884E5_A2_thr	LA-HFDFSVWEGNQIFGGEINMYGITETTVHVTY	HH-EHNHUHHNGUUHHGGNHUHHGHUNUUHEHUH
Q83VS0_A2-12-_ala	FW-TFDLAVYEANTNVAGECNLYGPSETTTYSSW	HH-UHNHHHHNHUUUHHGNCUHHGPUNUUUHUUH
Q9F636_A1_lys	F--AFDASVEELDLIIGGEENTYGPTEATVVATT	H--HHNHUHNNHNHHHGGNNUUHGPUNHUHHHUU
BGC0000449_AHF21228-1_5129_mod4_ser	RW-QFDVSVWEWHFFASGEINLYGPTEATVDVSY	EH-UHNHUHHNHEHHHUGNHUHHGPUNHUHNHUH
Q70KJ7_A3_leu	LW-AFDASIWEPFLLVGGDTNNYGPTENTVVATS	HH-HHNHUHHNPHHHHGGNUUUHGPUNUUHHHUU
O66071_A1-7-_ile	V--SFDGFTFDGFVLFGGEIHVYGPTETTVFATF	H--UHNGHUHNGHHHHGGNHEHHGPUNUUHHHUH
Q333U7_A1-3-_cys	LW-CFDLSVFDGNSFFSGDISLGGATEATVWSNF	HH-CHNHUHHNGUUHHUGNHUHGGHUNHUHHUUH
BGC0000439_AHH53506-1_4093_mod4_thr	LA-SFS--VWEGNQIFGGEVNMYGITETTVHVTF	HH-UHU--HHNGUUHHGGNHUHHGHUNUUHEHUH
BGC0000463_AGM14925-1_1531_mod2_glu	LW-QFDGSVWEWKFFCGGGHNVYGPTEATVDSTA	HH-UHNGUHHNHEHHCGGGEUHHGPUNHUHNUUH
Q9RAH2_A2_gly	FS-CFDIAALELQALCGGEWNLYGPTETTIWSSI	HU-CHNHHHHNHUHHCGGNHUHHGPUNUUHHUUH
AGM16413-1_4358_mod4_ile	V--SFDGSTFDGFILFGGEIHVYGPTESTVFATC	H--UHNGUUHNGHHHHGGNHEHHGPUNUUHHHUC
BGC0000439_AHH53506-1_1527_mod2_asp	F--SFDLTVTTGKAMLGGEVNDFGPTETTVHCTV	H--UHNHUHUUGEHHHGGNHUNHGPUNUUHECUH
ChaP_mod1_trp	L--AFDYCNVESLDYATGELNAYGPAECSICTST	H--HHNHCUHNUHNHHUGNHUHHGPHNCUHCUUU
Q6VT95_A1-5-_gly	F-MAFDIAGLEVQALCGGESNLFGPTETTIWSTV	H-HHHNHHGHNHUHHCGGNUUHHGPUNUUHHUUH
O07944_A3_pip	LW-AFDFSVQESFALQGGEHNVYGPAETHAVTTH	HH-HHNHUHUNUHHHUGGNEUHHGPHNUEHHUUE
BGC0000464_CDG17980-1_1601_mod2_ala	FW-FFDISVFEANTNLAGECNLYGPSETTIYSTW	HH-HHNHUHHNHUUUHHGNCUHHGPUNUUHHUUH
Q70AZ6_A1-7-_dpg	L--MFDPSLYEVHLATGGDRNTYGPTETTLCATW	H--HHNPUHHNHEHHUGGNEUUHGPUNUUHCHUH
BGC0000425_AFH75321-1_1645_mod2_leu	LG-AFDASTLDAWMIVGGDLNGYGPTEATTFSTT	HG-HHNHUUHNHHHHHGGNHUGHGPUNHUUHUUU
Q01886v1_A1_pro	A--SFDISIADTVLIFTGEYNVYGPAENTLITTA	H--UHNHUHHNUHHHHUGNHUHHGPHNUUHHUUH
Q83VS1_A1_ala	FW-TFDLAVYEANTNVAGECNLYGPSETTTYSSW	HH-UHNHHHHNHUUUHHGNCUHHGPUNUUUHUUH
BGC0001133_XBJ1_0774_2057_mod2_leu	LF-SFDASVFEPFIHTGGEFNQYGPTEITVCATQ	HH-UHNHUHHNPHHEUGGNHUUHGPUNHUHCHUU
AGM16412-1_3015_mod3_thr	LN-HFDFSVWEGNQIFGGEINMYGITETTVHVTY	HU-EHNHUHHNGUUHHGGNHUHHGHUNUUHEHUH
AHF21228-1_8208_mod6_ser	RW-QFDVSVWEWHFFASGEINLYGPTEATVDVSY	EH-UHNHUHHNHEHHHUGNHUHHGPUNHUHNHUH
CBG75492_5304_mod5_d-cyclo-horn	LR-VFDAS-WQLEVVVGGEFNLYGPTESTVDALV	HE-HHNHU-HUHNHHHGGNHUHHGPUNUUHNHHH
simA_mod11_ala	T--SFDGSLGETMLILGGEFNGYGPAEACNYCTT	U--UHNGUHGNUHHHHGGNHUGHGPHNHCUHCUU
Q939Z0_A1-4-_hpg|hpg2cl	L--AFDISLFEVHLLTGGDRHLYGPTEATLCATW	H--HHNHUHHNHEHHUGGNEEHHGPUNHUHCHUH
simA_mod5_bmt	Q--AFDMSIGEAFLLLAGEVNGWGPAETCVFSTL	U--HHNHUHGNHHHHHHGNHUGHGPHNUCHHUUH
Q9FB18_A1_b-ala	RW-AFVDAVWEGVTITSGEPNLYGSSETAADATA	EH-HHHNHHHNGHUHUUGNPUHHGUUNUHHNHUH
AEA30272-1_474_mod1_thr	LA-HFDFSVWEGNQVFGGEVNMYGITETTVHVSH	HH-EHNHUHHNGUUHHGGNHUHHGHUNUUHEHUE
AGC65515-1_442_mod1_tyr	LL-TFDGSIVQADAVLGGEVNAYGPTECCVSSAQ	HH-UHNGUHHUHNHHHGGNHUHHGPUNCCHUUHU
Q70AZ9_A2_tyr	LA-AFDAMVSEMTVVVAGEVNAYGPTEATVCAAM	HH-HHNHHHUNHUHHHHGNHUHHGPUNHUHCHHH
AGM16413-1_2831_mod3_ser	RW-QFDVSVWEWHFFASGEINLYGPTEATVDVTY	EH-UHNHUHHNHEHHHUGNHUHHGPUNHUHNHUH
BGC0000398_AFH75330-1_2671_mod3_ser	RW-TFDVSVWEWHFMCSGEHNLYGPTEAAVDVTA	EH-UHNHUHHNHEHHCUGNEUHHGPUNHHHNHUH
BGC0001168_509516289_4_mod1_arg	L-HAFDTSIEQVDLIVGGSVNAYGLTETTITSCT	H-EHHNUUHNUHNHHHGGUHUHHGHUNUUHUUCU
AGM16414-1_2358_mod3_ile	V--SFDGSTFDGFILFGGEIHVYGPTESTVFATC	H--UHNGUUHNGHHHHGGNHEHHGPUNUUHHHUC
BGC0000449_AHF21228-1_3575_mod3_gly	FG-SFDIFVLELQMMVGGEYNMYGPTETTVWSTV	HG-UHNHHHHNHUHHHGGNHUHHGPUNUUHHUUH
AEA30273-1_2593_mod3_boh-ome-tyr	F--AFDAAIWEANIILAGELNAYGPTEATVCVTS	H--HHNHHHHNHUHHHHGNHUHHGPUNHUHCHUU
Q53526_A1_ala	FWNAFDLSVMYPFVFDGEEVNAYGPTEATVALSA	HHUHHNHUHHHPHHHNGNNHUHHGPUNHUHHHUH
Q8G982_A2-9-_me-asp	FW-QFDPYLREVHTVLGGEVNIYGASETTFIKHF	HH-UHNPHHENHEUHHGGNHUHHGHUNUUHHEEH
BGC0000449_AHF21229-1_280_mod1_val	----------------------------------	----------------------------------
Q00869_A2_val	L--NFDGAIWEWFFIVGGEANIYGPTEAGIISTC	H--UHNGHHHNHHHHHGGNHUHHGPUNHGHHUUC
YP_116977-1_584_mod1_thr	TA-SFDASVYDGNCTLGGDCRFSGATETSIHNTI	UH-UHNHUHHNGUCUHGGNCEHUGHUNUUHEUUH
Q83VS0_A12-22-_tyr	L--SFDASSPEGFSLCGGEFNGYGPTEATTCATR	H--UHNHUUPNGHUHCGGNHUGHGPUNHUUCHUE
BGC0000400_AGM16414-1_277_mod1_val	L--QFDAATFEGWLLVGGDVNGYGPTENTTFTCC	H--UHNHHUHNGHHHHGGNHUGHGPUNUUUHUCC
P39847_A2_val	L--SFDVGSFEGWLIIGGEWNGYGPTENTTFSTC	H--UHNHGUHNGHHHHGGNHUGHGPUNUUUHUUC
Q93TX2/14210837_A1-8-_ala	F--TFDLSVFETNTIVNGEFNLYGPSETTTYSTF	H--UHNHUHHNUUUHHUGNHUHHGPUNUUUHUUH
Q9FB23_A1_ser	RW-TFDVSMWEWHFVCSGEDNLYGPTEAAVDVTA	EH-UHNHUHHNHEHHCUGNNUHHGPUNHHHNHUH
BGC0001125_AIW82283-1_552_mod1_deoxy-thr	LA-HFDFSVWEGNQVFGGEVNMYGITETTVHVTY	HH-EHNHUHHNGUUHHGGNHUHHGHUNUUHEHUH
ChaP_mod2_ser	Y-LLFDACACMSASLLGGELTAYGATETTSMGCI	H-HHHNHCHCHUHUHHGGNHUHHGHUNUUUHGCH
EWS95124_2422_mod3_ala|gly	FW-AFDVSVFEASGVLAGEANLYGPTESTVYAGW	HH-HHNHUHHNHUGHHHGNHUHHGPUNUUHHHGH
Q884E3_A1_asp	YGVSADLGTLLGKIMLGGEVNHYGPTETTVGILT	HGHUHNHGUHHGEHHHGGNHUEHGPUNUUHGHHU
BGC0000416_CBJ90287-1_561_mod1_leu	LQ-AFDAAILEMVLLLAGEFNVYGPTECTSIITS	HU-HHNHHHHNHHHHHHGNHUHHGPUNCUUHHUU
BGC0000423_CBG75492-1_240_mod1_fhorn	L-TAFDVAFWDLILLLAGTFNAYGPTEATTNSTL	H-UHHNHHHHNHHHHHHGUHUHHGPUNHUUUUUH
AHZ20773-1_478_mod1_thr	LN-HFDFSVWEGNQILGGEINMYGITETTVHVTY	HU-EHNHUHHNGUUHHGGNHUHHGHUNUUHEHUH
BGC0000398_AFH75330-1_584_mod1_leu	LW-SFDAMAWEPFLLVGGDVNNYGPTEATVVATS	HH-UHNHHHHNPHHHHGGNHUUHGPUNHUHHHUU
Q70JZ8_A1_asn	YW-FFDLTVTSTKLIVGGEFNEYGPTEAVVGCMI	HH-HHNHUHUUUEHHHGGNHUNHGPUNHHHGCHH
Q9FDB3_A3-3-_val	LG-AFDASTLDAWMIVGGDLNGYGPTEATTFSAT	HG-HHNHUUHNHHHHHGGNHUGHGPUNHUUHUHU
AGM16412-1_5576_mod5_ser	RW-QFDVSVWEWHFFASGEINLYGPTEATVDVTY	EH-UHNHUHHNHEHHHUGNHUHHGPUNHUHNHUH
BGC0000382_AIT38302-1_845_mod1_leu	FW-FFDISCFPLALLLGGEINGYGPTEATVACLA	HH-HHNHUCHPHHHHHGGNHUGHGPUNHUHHCHH
Q70KJ7_A1_glu	LQ-AFDASVKQADGLIGGETNVYGPTETCVDASV	HU-HHNHUHEUHNGHHGGNUUHHGPUNUCHNHUH
Q9RNA9_A1_arg	TY-TFDVSVWESTCIVGGEYNAYGPTEVAVDATV	UH-UHNHUHHNUUCHHGGNHUHHGPUNHHHNHUH
BGC0000398_AFH75329-1_1652_mod2_val	LG-AFDASTLDGFLLCGGEVNGYGPTETTTFATH	HG-HHNHUUHNGHHHCGGNHUGHGPUNUUUHHUE
simA_mod4_val	SD-SFDAAVAEWIIILGGEMSAWGPTEMCVIGSA	UN-UHNHHHHNHHHHHGGNHUHHGPUNHCHHGUH
Q83VS0_A8-18-_dhab|dht	LA-HFDFSVWEGNQIFGGEVNMYGITETTVHVTY	HH-EHNHUHHNGUUHHGGNHUHHGHUNUUHEHUH
Q70LM4_A3-15-_trp	MA-TFDVSVSEQSMLVGGDFNCYGPTEATVGTVI	HH-UHNHUHUNUUHHHGGNHUCHGPUNHUHGUHH
Q8KLL5_A1-4-_hpg|hpg2cl	L--TFDISLFEVHLLTGGDRHLYGPTETTLCATW	H--UHNHUHHNHEHHUGGNEEHHGPUNUUHCHUH
YP_631961-1_2650_mod2_leu	L--SFDVSSVEGLLMVGGEANAYGPTECSTMVTR	H--UHNHUUHNGHHHHGGNHUHHGPUNCUUHHUE
Q5DIV7_A4_horn	I--MFDGSHEGHVFYCGGDFNGYGPTETVVTPLL	H--HHNGUENGEHHHCGGNHUGHGPUNUHHUPHH
Q09164_A1_ala	LG-PFDLSTWETFLYAIGDYNAYGPTENSVVSTI	HG-PHNHUUHNUHHHHHGNHUHHGPUNUUHHUUH
BGC0000371_BAH31686-1_1984_mod2_ser	RW-SFDVSVPEWHFNCSGEVNLYGPTEAAVDVSW	EH-UHNHUHPNHEHUCUGNHUHHGPUNHHHNHUH
O30980_A2_glu	FS-HFDASIWEWHFFSGGEVNSYGPTEATVEAAF	HU-EHNHUHHNHEHHUGGNHUUHGPUNHUHNHHH
O87606_A2_orn	AA-AFDVFSGDRESILGSDINSYGVTEATIDSSY	HH-HHNHHUGNENUHHGUNHUUHGHUNHUHNUUH
AHH53506-1_1527_mod2_asp	F--SFDLTVTTGKAMLGGEVNDFGPTETTVHCTV	H--UHNHUHUUGEHHHGGNHUNHGPUNUUHECUH
P10378/2506183_A1_dhb|sal	S--IYAMSSPGGALQVGGAGQVFGMAEGLVNYTR	U--HHHHUUPGGHHUHGGHGUHHGHHNGHHUHUE
BGC0000418_AHF20585-1_481_mod1_dpg	L--MFDPSLYAVHLEIGGDRNTYGPTETTLCATW	H--HHNPUHHHHEHNHGGNEUUHGPUNUUHCHUH
BGC0001178_AGS77310-1_492_mod1_dpg	L--MFDPSLYEVHLGTGGDRNTYGPTETTLCATW	H--HHNPUHHNHEHGUGGNEUUHGPUNUUHCHUH
